"OriginalSizeKB","NewSizeKB","SavedKB","RelativePath"
"11276.2","153.6","11122.6","files\6. Award\6. Top researcher of the month - Jan 2023\IMG20230207111227.jpg"
"10870.3","171.9","10698.4","files\6. Award\6. Top researcher of the month - Jan 2023\IMG20230207115706.jpg"
"10446.5","203.8","10242.6","files\8. Blog\1. academic\3. workshops\7. Novelence\DSC_0282.JPG"
"10394.3","204.7","10189.6","files\8. Blog\1. academic\3. workshops\9. Oracle Workshop\DSC_0176.JPG"
"9971.5","174.9","9796.6","files\8. Blog\1. academic\3. workshops\7. Novelence\DSC_0290.JPG"
"9732","137.1","9595","files\8. Blog\1. academic\3. workshops\7. Novelence\DSC_0277.JPG"
"9476.8","153.9","9322.9","files\8. Blog\1. academic\3. workshops\9. Oracle Workshop\DSC_0201.JPG"
"9375.6","122.6","9253","files\8. Blog\1. academic\3. workshops\7. Novelence\DSC_0305.JPG"
"9369.9","137.1","9232.8","files\8. Blog\1. academic\3. workshops\7. Novelence\DSC_0309.JPG"
"9340.9","132.3","9208.5","files\8. Blog\1. academic\3. workshops\7. Novelence\DSC_0303.JPG"
"9235.6","155.9","9079.7","files\8. Blog\1. academic\3. workshops\9. Oracle Workshop\DSC_0240.JPG"
"9136.2","90.4","9045.8","files\8. Blog\1. academic\3. workshops\7. Novelence\DSC_0283.JPG"
"9138.6","157.8","8980.8","files\8. Blog\1. academic\3. workshops\9. Oracle Workshop\DSC_0175.JPG"
"8915.6","127.6","8788.1","files\8. Blog\1. academic\3. workshops\9. Oracle Workshop\DSC_0185.JPG"
"8840","120.2","8719.8","files\8. Blog\1. academic\3. workshops\7. Novelence\DSC_0285.JPG"
"8725.8","114.9","8610.9","files\8. Blog\1. academic\3. workshops\7. Novelence\DSC_0292.JPG"
"8644.7","130.4","8514.3","files\8. Blog\1. academic\3. workshops\7. Novelence\DSC_0304.JPG"
"8563.2","87.4","8475.8","files\8. Blog\1. academic\3. workshops\9. Oracle Workshop\DSC_0183.JPG"
"8461.6","77.8","8383.8","files\8. Blog\1. academic\3. workshops\9. Oracle Workshop\DSC_0181.JPG"
"8307.1","104.6","8202.5","files\8. Blog\1. academic\3. workshops\7. Novelence\DSC_0276.JPG"
"8091.2","84.4","8006.8","files\8. Blog\1. academic\3. workshops\7. Novelence\DSC_0281.JPG"
"6517","165.5","6351.5","files\8. Blog\1. academic\3. workshops\10. IoT workshop\DSC00156.JPG"
"6454.3","146.6","6307.7","files\8. Blog\1. academic\3. workshops\10. IoT workshop\DSC00140.JPG"
"6478.8","171.1","6307.7","files\8. Blog\1. academic\3. workshops\10. IoT workshop\DSC00136.JPG"
"6454","157.8","6296.3","files\8. Blog\1. academic\3. workshops\10. IoT workshop\DSC00151.JPG"
"6475.2","190.3","6284.9","files\8. Blog\1. academic\3. workshops\10. IoT workshop\DSC00138.JPG"
"6427.4","155.3","6272.1","files\8. Blog\1. academic\3. workshops\10. IoT workshop\DSC00150.JPG"
"6439.7","179.7","6260","files\8. Blog\1. academic\3. workshops\10. IoT workshop\DSC00144.JPG"
"6412.5","169.9","6242.6","files\8. Blog\1. academic\3. workshops\10. IoT workshop\DSC00153.JPG"
"6415.4","194.7","6220.7","files\8. Blog\1. academic\3. workshops\10. IoT workshop\DSC00142.JPG"
"5556.4","426.6","5129.8","files\6. Award\2. muj excellence award\IMG20221013175317.jpg"
"4855.1","206.7","4648.4","files\6. Award\4. poster award\IMG20190928115652.jpg"
"4839.9","383.5","4456.4","files\6. Award\2. muj excellence award\IMG20221013175112.jpg"
"3968","64.6","3903.4","files\8. Blog\1. academic\2. Conferences and ppt\icct 2023\dji_mimo_20230120_152400_0_1674208966086_photo.jpg"
"3978.9","333.3","3645.6","files\6. Award\2. muj excellence award\IMG20221012113012.jpg"
"3678.1","98.8","3579.2","files\3. Experience\1. Certificate\essilor.jpg"
"3715.5","183.3","3532.3","files\6. Award\4. poster award\IMG20190928120326.jpg"
"3645.3","181.8","3463.4","files\6. Award\4. poster award\IMG20190928120305.jpg"
"3633.4","220.7","3412.7","files\6. Award\4. poster award\IMG20190928130009.jpg"
"3405.5","185.3","3220.2","files\6. Award\4. poster award\IMG20190928120307.jpg"
"3423.2","212.1","3211","files\6. Award\3. second award in project in icct conference\IMG20190930090821.jpg"
"3382.2","185.1","3197.1","files\6. Award\4. poster award\IMG20190928120311.jpg"
"3343.6","154.4","3189.1","files\6. Award\4. poster award\IMG20190928120336.jpg"
"3235.5","167.8","3067.6","files\6. Award\4. poster award\IMG20190928120322.jpg"
"3127.5","146.9","2980.6","files\6. Award\1. Best Paper award, Zagreb Coratia\IMG_1594.JPG"
"2006.9","86.1","1920.8","files\8. Blog\4. Avocations\1. trekking\5. gad ganesh with Apoo\IMG20231028072239.jpg"
"2023.4","126.7","1896.8","files\8. Blog\1. academic\2. Conferences and ppt\dubai\IMG20200130142641.jpg"
"2043.9","163.3","1880.6","files\6. Award\6. Top researcher of the month - Jan 2023\IMG20230208093200.jpg"
"1958.9","79.4","1879.5","files\8. Blog\1. academic\5. faculty visits\35. robotics fair\20170319_144408.jpg"
"2026.5","155.6","1870.9","files\8. Blog\1. academic\7. Hackathon Head\8. Hackathon winners-neemrana\20181028_183028.jpg"
"2047.2","180.1","1867","files\8. Blog\1. academic\5. faculty visits\35. robotics fair\20170318_140033.jpg"
"2036.2","213.1","1823.1","files\8. Blog\1. academic\5. faculty visits\35. robotics fair\20170318_140209.jpg"
"1974.2","182.7","1791.6","files\8. Blog\1. academic\5. faculty visits\35. robotics fair\20170319_141722.jpg"
"1917","143.6","1773.4","files\8. Blog\1. academic\5. faculty visits\35. robotics fair\20170318_135755.jpg"
"1908.5","145.5","1763","files\8. Blog\1. academic\5. faculty visits\35. robotics fair\20170319_141825.jpg"
"1884.9","126.6","1758.4","files\8. Blog\1. academic\5. faculty visits\35. robotics fair\20170319_141726(0).jpg"
"1916.5","159.5","1757","files\8. Blog\1. academic\7. Hackathon Head\8. Hackathon winners-neemrana\20181028_200428.jpg"
"1942.8","203.1","1739.7","files\8. Blog\1. academic\5. faculty visits\35. robotics fair\20170318_135523.jpg"
"1904","172.8","1731.2","files\8. Blog\1. academic\2. Conferences and ppt\SSIC-1\20170415_150135.jpg"
"1880","151.9","1728.2","files\8. Blog\1. academic\7. Hackathon Head\8. Hackathon winners-neemrana\20181028_184310.jpg"
"1853","125","1728.1","files\8. Blog\1. academic\5. faculty visits\35. robotics fair\20170319_141726.jpg"
"1842.5","139.2","1703.3","files\8. Blog\1. academic\5. faculty visits\3. IT day jaipur\20180321_144037.jpg"
"1851.7","164.3","1687.4","files\8. Blog\1. academic\5. faculty visits\3. IT day jaipur\20180321_144033.jpg"
"1842.5","157.3","1685.2","files\8. Blog\1. academic\5. faculty visits\35. robotics fair\20170319_141546.jpg"
"1791.1","113.6","1677.5","files\8. Blog\4. Avocations\1. trekking\4. chulgiri with minki\IMG20230212170806.jpg"
"1823.4","167.3","1656.1","files\8. Blog\1. academic\3. workshops\34. IIT delhi workshop\20170626_113722.jpg"
"1820.7","165.6","1655.1","files\8. Blog\1. academic\5. faculty visits\35. robotics fair\20170319_141535.jpg"
"1875.1","221","1654.1","files\8. Blog\1. academic\5. faculty visits\3. IT day jaipur\20180321_134113.jpg"
"1853","204.4","1648.6","files\8. Blog\1. academic\5. faculty visits\3. IT day jaipur\20180321_124422.jpg"
"1743.4","98.1","1645.3","files\8. Blog\4. Avocations\1. trekking\4. chulgiri with minki\IMG20230212165820.jpg"
"1829.7","190.5","1639.2","files\8. Blog\4. Avocations\1. trekking\1. gad ganesh with minki\IMG20230702071120.jpg"
"1800.9","164.4","1636.6","files\8. Blog\4. Avocations\1. trekking\11. girjadevi temple and tracking\20170127_174230.jpg"
"1709.4","73.6","1635.8","files\8. Blog\1. academic\3. workshops\34. IIT delhi workshop\20170625_122100.jpg"
"1775.3","140.2","1635.1","files\8. Blog\1. academic\5. faculty visits\35. robotics fair\20170318_135635.jpg"
"1970.1","335.2","1634.8","files\8. Blog\1. academic\5. faculty visits\3. IT day jaipur\20180321_105324.jpg"
"1728","111.3","1616.7","files\8. Blog\4. Avocations\1. trekking\4. chulgiri with minki\IMG20230212171129.jpg"
"1848.6","272.7","1575.9","files\8. Blog\1. academic\7. Hackathon Head\8. Hackathon winners-neemrana\20181028_165236.jpg"
"1663.9","103.4","1560.5","files\8. Blog\1. academic\7. Hackathon Head\8. Hackathon winners-neemrana\20181028_200405.jpg"
"1816.3","309.4","1506.9","files\8. Blog\1. academic\6. Events done\17. yoga day\20180226_113135.jpg"
"1689.4","187.1","1502.2","files\8. Blog\1. academic\2. Conferences and ppt\Coratia Conference\20180906_103004.jpg"
"1815","315.1","1500","files\4. Publication\6. presentation\3\certi.jpg"
"1654.8","176.3","1478.5","files\8. Blog\1. academic\5. faculty visits\3. IT day jaipur\20180321_133840.jpg"
"1578.8","100.3","1478.4","files\8. Blog\1. academic\2. Conferences and ppt\1. Udaipur\20160305_124021.jpg"
"1629.3","157","1472.3","files\8. Blog\1. academic\2. Conferences and ppt\Coratia Conference\IMG_0223 - Copy.JPG"
"1623.8","156.6","1467.2","files\8. Blog\4. Avocations\1. trekking\1. gad ganesh with minki\IMG20230702072545.jpg"
"1625.3","160.4","1464.8","files\8. Blog\4. Avocations\1. trekking\1. gad ganesh with minki\IMG20230702073825.jpg"
"1616.5","152.1","1464.4","files\8. Blog\1. academic\5. faculty visits\3. IT day jaipur\20180321_133833.jpg"
"1606","155.1","1450.9","files\8. Blog\4. Avocations\1. trekking\1. gad ganesh with minki\IMG20230702073515.jpg"
"1670.6","225.5","1445","files\8. Blog\1. academic\2. Conferences and ppt\icct-17\20171222_120557.jpg"
"1636.4","192.9","1443.5","files\8. Blog\1. academic\2. Conferences and ppt\Coratia Conference\20180906_103007.jpg"
"1742.8","313.4","1429.4","files\8. Blog\1. academic\6. Events done\17. yoga day\20180226_112618.jpg"
"1723.3","295.9","1427.4","files\8. Blog\1. academic\6. Events done\17. yoga day\20180226_113139.jpg"
"1752.5","338.4","1414.1","files\8. Blog\4. Avocations\1. trekking\1. gad ganesh with minki\IMG20230702070832_BURST000_COVER.jpg"
"1674.3","260.6","1413.7","files\4. Publication\3. conference\3\certificate.jpg"
"1470.6","72.7","1397.9","files\8. Blog\1. academic\5. faculty visits\1. zagreb, coratia\20180904_114558.jpg"
"1714.2","322","1392.2","files\8. Blog\1. academic\5. faculty visits\3. IT day jaipur\20180321_115034.jpg"
"1517.2","128.4","1388.8","files\8. Blog\1. academic\5. faculty visits\3. IT day jaipur\20180321_133836.jpg"
"1512.6","145.5","1367.1","files\8. Blog\4. Avocations\1. trekking\1. gad ganesh with minki\IMG20230702073454.jpg"
"1661.5","300.7","1360.8","files\8. Blog\1. academic\6. Events done\17. yoga day\20180226_112614.jpg"
"1501.6","152.1","1349.5","files\8. Blog\2. Connection\header\IMG20200128140641.jpg"
"1598.9","255.9","1343","files\8. Blog\1. academic\5. faculty visits\3. IT day jaipur\20180321_114915.jpg"
"1475.8","135.1","1340.7","files\8. Blog\4. Avocations\1. trekking\1. gad ganesh with minki\IMG20230702073157.jpg"
"1483.4","155","1328.4","files\8. Blog\1. academic\2. Conferences and ppt\Coratia Conference\20180906_103024.jpg"
"1448.2","144.2","1304","files\8. Blog\1. academic\5. faculty visits\3. IT day jaipur\20180321_144259.jpg"
"1442.2","163.5","1278.7","files\8. Blog\1. academic\2. Conferences and ppt\Coratia Conference\20180906_103027.jpg"
"1292.9","112","1180.9","files\8. Blog\1. academic\3. workshops\34. IIT delhi workshop\20170625_114747.jpg"
"1275.5","130.6","1144.9","files\8. Blog\1. academic\2. Conferences and ppt\sIN 17\20171014_095620.jpg"
"1226.7","89.8","1136.9","files\8. Blog\1. academic\5. faculty visits\3. IT day jaipur\20180321_144009.jpg"
"1240.3","222","1018.3","files\8. Blog\1. academic\3. workshops\13. gian mnit\20161224_184627.jpg"
"1158.4","190.8","967.6","files\8. Blog\1. academic\3. workshops\13. gian mnit\20161220_185536.jpg"
"1252.7","287.1","965.6","files\8. Blog\1. academic\1. leadership\2. wise captain\S5030167.JPG"
"1099.8","148.8","951.1","files\8. Blog\1. academic\5. faculty visits\3. IT day jaipur\20180321_134812.jpg"
"1245.2","298.2","946.9","files\8. Blog\1. academic\1. leadership\2. wise captain\S5030169.JPG"
"1027.4","126","901.3","files\8. Blog\1. academic\7. Hackathon Head\8. Hackathon winners-neemrana\20181028_165243.jpg"
"1248.4","360.1","888.3","files\8. Blog\1. academic\1. leadership\2. wise captain\S5030166.JPG"
"1199.2","318.4","880.8","files\8. Blog\1. academic\3. workshops\13. gian mnit\20161219_131344.jpg"
"1841.5","1009","832.5","files\5. Project\1. Project\18.png"
"998.4","181.1","817.3","files\8. Blog\1. academic\3. workshops\34. IIT delhi workshop\20170625_113040.jpg"
"1090.8","275.8","814.9","files\8. Blog\1. academic\3. workshops\13. gian mnit\20161220_090831.jpg"
"1054.6","256.4","798.3","files\5. Project\1. Project\61.jpeg"
"1073.8","279.2","794.6","files\8. Blog\1. academic\3. workshops\13. gian mnit\20161219_132938.jpg"
"948.4","154","794.3","files\8. Blog\1. academic\3. workshops\13. gian mnit\20161225_114445.jpg"
"987.1","225.6","761.5","files\8. Blog\1. academic\3. workshops\13. gian mnit\20161220_135918.jpg"
"877.2","127.9","749.3","files\8. Blog\1. academic\4. expert talk\3. expert talk on AI\_MG_1132.jpg"
"877.2","127.9","749.3","files\8. Blog\1. academic\3. workshops\38. workshop on AI\_MG_1132.jpg"
"841.9","101.2","740.7","files\8. Blog\1. academic\5. faculty visits\4. IT day and muj stall\IMG-20180925-WA0010.jpeg"
"976.3","237.6","738.7","files\2. Education\3. Short Term Courses Attended\18.jpg"
"860.1","129.1","731.1","files\8. Blog\1. academic\3. workshops\34. IIT delhi workshop\20170625_114427.jpg"
"910.3","184.9","725.4","files\8. Blog\1. academic\4. expert talk\3. expert talk on AI\_MG_1110.jpg"
"910.3","184.9","725.4","files\8. Blog\1. academic\3. workshops\38. workshop on AI\_MG_1110.jpg"
"830.7","121","709.7","files\8. Blog\1. academic\3. workshops\38. workshop on AI\IMG_1163.jpg"
"830.7","121","709.7","files\8. Blog\1. academic\7. Hackathon Head\31. hackathon head\IMG_1163.jpg"
"1425.7","724.4","701.3","files\8. Blog\1. academic\6. Events done\11. Vikram award\Vikram award.jpg"
"817.3","144","673.3","files\8. Blog\1. academic\3. workshops\13. gian mnit\20161225_135355.jpg"
"754.1","95.5","658.6","files\8. Blog\1. academic\2. Conferences and ppt\SSIC-1\20170415_083940.jpg"
"866.9","211.2","655.7","files\8. Blog\1. academic\8. Social Activities\2. Blood Donation - 2016\New Doc 8 - Copy.jpg"
"802.2","158.4","643.7","files\8. Blog\1. academic\3. workshops\38. workshop on AI\_MG_1088.jpg"
"852.4","210","642.4","files\8. Blog\1. academic\8. Social Activities\2. Blood Donation - 2016\New Doc 8.jpg"
"804.7","164.4","640.3","files\8. Blog\4. Avocations\2. Drawing\artwork\water color.jpg"
"788.2","158.6","629.6","files\8. Blog\1. academic\3. workshops\13. gian mnit\20161220_140023.jpg"
"719","96.5","622.5","files\8. Blog\1. academic\3. workshops\34. IIT delhi workshop\20170626_123228.jpg"
"740.9","118.5","622.4","files\8. Blog\3. Sports\2. Regional & Inter University\9\Photo1299.jpg"
"711.4","92.1","619.3","files\8. Blog\1. academic\3. workshops\38. workshop on AI\_MG_1129.jpg"
"711.4","92.1","619.3","files\8. Blog\1. academic\4. expert talk\3. expert talk on AI\_MG_1129.jpg"
"740.1","121.4","618.7","files\8. Blog\1. academic\3. workshops\38. workshop on AI\_MG_1065.jpg"
"709.9","101.4","608.4","files\8. Blog\1. academic\2. Conferences and ppt\SSIC-1\20170415_132947.jpg"
"773.5","169.8","603.7","files\8. Blog\3. Sports\2. Regional & Inter University\9\Photo1303.jpg"
"775.8","176.8","599.1","files\8. Blog\1. academic\2. Conferences and ppt\SSIC-1\20170414_170912.jpg"
"711.8","112.8","599","files\8. Blog\1. academic\4. expert talk\3. expert talk on AI\_MG_1124.jpg"
"711.8","112.8","599","files\8. Blog\1. academic\3. workshops\38. workshop on AI\_MG_1124.jpg"
"716.9","129.4","587.5","files\8. Blog\1. academic\4. expert talk\3. expert talk on AI\_MG_1126.jpg"
"716.9","129.4","587.5","files\8. Blog\1. academic\3. workshops\38. workshop on AI\_MG_1126.jpg"
"689.9","112.6","577.4","files\8. Blog\1. academic\3. workshops\13. gian mnit\20161225_100821.jpg"
"727.8","168.6","559.2","files\8. Blog\1. academic\3. workshops\37. MUN\OC.jpg"
"743.9","185.4","558.5","files\8. Blog\1. academic\4. expert talk\5. iot speaker\IMG_20210214_105415.jpg"
"668.7","117.6","551.1","files\8. Blog\1. academic\3. workshops\13. gian mnit\20161225_131929.jpg"
"714.2","181.5","532.7","files\8. Blog\1. academic\3. workshops\13. gian mnit\20161219_133037.jpg"
"656.2","151.6","504.5","files\5. Project\1. Project\38.jpeg"
"677.2","187.2","489.9","files\8. Blog\1. academic\2. Conferences and ppt\ICCT 2019\IMG_0237.JPG"
"840.5","359.1","481.4","files\2. Education\4. Webinars Attended\47. Reshape of Commerce Education in Post Covid-19 Scenario - 20.07.2020.jpg"
"693.8","215.8","478","files\4. Publication\3. conference\12\certi.jpg"
"626.4","167.3","459.1","files\8. Blog\1. academic\3. workshops\20. muj deep learning fdp\IMG_9118.jpg"
"579.9","176.6","403.3","files\8. Blog\1. academic\2. Conferences and ppt\ICCT 2019\IMG_0205.JPG"
"487.6","130.2","357.4","files\8. Blog\1. academic\2. Conferences and ppt\ICCT 2019\IMG_0236.JPG"
"446.8","105.1","341.7","files\6. Award\5. employee of the year\Black Music Seminar Attendance Certificate (4).jpg"
"469.1","129.4","339.7","files\8. Blog\1. academic\2. Conferences and ppt\ICCT 2019\IMG_0244.JPG"
"457.5","122.4","335.1","files\6. Award\3. second award in project in icct conference\IMG_0235.JPG"
"534","206.9","327.1","files\5. Project\1. Project\58.jpeg"
"451.3","127.2","324.2","files\8. Blog\1. academic\2. Conferences and ppt\ICCT 2019\IMG_0292.JPG"
"442.4","130.1","312.3","files\5. Project\1. Project\54.jpeg"
"1214.1","902.2","311.9","files\4. Publication\3. conference\13\certi.png"
"465.4","153.5","311.9","files\8. Blog\1. academic\3. workshops\20. muj deep learning fdp\IMG_9145.jpg"
"432.8","124.9","308","files\6. Award\4. poster award\IMG_0293.JPG"
"1662.5","1367.8","294.7","files\2. Education\3. Short Term Courses Attended\8.png"
"402.2","114","288.2","files\8. Blog\1. academic\2. Conferences and ppt\ICCT 2019\IMG_0245.JPG"
"469.2","181.9","287.3","files\8. Blog\1. academic\3. workshops\20. muj deep learning fdp\IMG_20190708_110041.jpg"
"399.2","127.9","271.4","files\8. Blog\1. academic\academic.jpg"
"4201.3","3942.9","258.4","files\8. Blog\4. Avocations\header\avocation.png"
"1991.5","1744.6","247","files\6. Award\3. second award in project in icct conference\certificate.png"
"1969.8","1723.5","246.3","files\6. Award\4. poster award\certificate.png"
"795.2","559.7","235.5","files\8. Blog\1. academic\4. expert talk\6\1.png"
"422","194.8","227.2","files\2. Education\3. Short Term Courses Attended\15.jpeg"
"951.5","725.7","225.7","files\2. Education\3. Short Term Courses Attended\16.png"
"374.2","156","218.2","files\2. Education\3. Short Term Courses Attended\6.jpeg"
"916.6","703.3","213.2","files\2. Education\3. Short Term Courses Attended\11.png"
"345.8","141.5","204.3","files\5. Project\1. Project\52.jpeg"
"1377.7","1196.2","181.6","files\2. Education\logo\2.png"
"312.5","134.3","178.2","files\2. Education\3. Short Term Courses Attended\4.jpeg"
"300.5","124.9","175.7","files\4. Publication\3. conference\7\certi.jpeg"
"301.4","131.2","170.1","files\8. Blog\2. Connection\3. mom birthday\WhatsApp Image 2021-05-18 at 09.58.29 (9).jpeg"
"252.3","83","169.3","files\8. Blog\1. academic\4. expert talk\4. expert talk on IoT\IMG-20200107-WA0009.jpg"
"271.3","103.2","168.2","files\5. Project\1. Project\55.jpeg"
"276.2","113.8","162.4","files\2. Education\3. Short Term Courses Attended\9.jpeg"
"218.5","56.5","162.1","files\8. Blog\2. Connection\3. mom birthday\nosu.jpeg"
"388.2","226.6","161.7","files\5. Project\1. Project\36.jpeg"
"843.8","684.9","158.9","files\4. Publication\3. conference\15\certi.png"
"290.9","135.6","155.3","files\8. Blog\1. academic\3. workshops\20. muj deep learning fdp\IMG_9117.jpg"
"378.2","224.1","154.1","files\8. Blog\1. academic\3. workshops\20. muj deep learning fdp\IMG_9120.jpg"
"284.4","130.2","154.1","files\6. Award\1. Best Paper award, Zagreb Coratia\62.jpg"
"977.6","824.3","153.3","files\2. Education\3. Short Term Courses Attended\21.png"
"335.8","190.7","145.1","files\8. Blog\1. academic\7. Hackathon Head\8. Hackathon winners-neemrana\20181027_184509.jpg"
"339.9","195.4","144.5","files\8. Blog\1. academic\7. Hackathon Head\8. Hackathon winners-neemrana\20181028_184349.jpg"
"420.2","276.5","143.8","files\2. Education\3. Short Term Courses Attended\1. hacking.jpg"
"353.7","209.8","143.8","files\8. Blog\1. academic\7. Hackathon Head\8. Hackathon winners-neemrana\20181027_190904.jpg"
"340.5","197.5","143.1","files\8. Blog\1. academic\7. Hackathon Head\8. Hackathon winners-neemrana\20181028_184248.jpg"
"362.7","221.1","141.6","files\8. Blog\1. academic\7. Hackathon Head\8. Hackathon winners-neemrana\20181028_183044.jpg"
"271","136.1","135","files\8. Blog\1. academic\2. Conferences and ppt\Coratia Conference\IMG_1594.JPG"
"444","311.2","132.9","files\8. Blog\1. academic\4. expert talk\1\New Doc 2018-02-10.jpg"
"320.3","188.9","131.4","files\8. Blog\2. Connection\2. ICICV conference outing\IMG20200213210750.jpg"
"276.8","145.8","131","files\8. Blog\1. academic\2. Conferences and ppt\dubai\IMG20200130151552.jpg"
"264.8","134.4","130.4","files\8. Blog\1. academic\2. Conferences and ppt\dubai\IMG20200130143241.jpg"
"469.9","339.7","130.2","files\8. Blog\1. academic\2. Conferences and ppt\39. first ppt BVICAM\DSC03541.JPG"
"293.3","164.5","128.8","files\8. Blog\1. academic\2. Conferences and ppt\sIN 17\20171015_125339.jpg"
"430.5","301.7","128.8","files\8. Blog\1. academic\2. Conferences and ppt\39. first ppt BVICAM\DSC03546.JPG"
"249.1","121","128.1","files\8. Blog\1. academic\2. Conferences and ppt\dubai\IMG20200130143242.jpg"
"320.8","192.8","128","files\8. Blog\2. Connection\2. ICICV conference outing\IMG20200213210742.jpg"
"406.6","278.9","127.7","files\8. Blog\1. academic\5. faculty visits\29. physics day\IMG20220712121659.jpg"
"300.2","173","127.2","files\8. Blog\2. Connection\2. ICICV conference outing\IMG20200213210800.jpg"
"283.6","157","126.7","files\8. Blog\2. Connection\2. ICICV conference outing\IMG20200213214307.jpg"
"248.5","122.1","126.5","files\8. Blog\1. academic\6. Events done\14. Self defence\20180319_185322.jpg"
"199.4","73","126.4","files\2. Education\3. Short Term Courses Attended\13.jpeg"
"314.6","188.3","126.3","files\8. Blog\4. Avocations\1. trekking\3. Samod with minki\IMG20230205165949.jpg"
"243.5","117.6","125.9","files\8. Blog\1. academic\3. workshops\icicv workshop\IMG20200111143408.jpg"
"235.9","110.5","125.4","files\8. Blog\1. academic\3. workshops\7. Novelence\Screenshot_2020-06-23-06-02-18-55.jpg"
"258.9","133.9","125","files\8. Blog\1. academic\5. faculty visits\4. IT day and muj stall\20180928_124540.jpg"
"450","325","125","files\8. Blog\1. academic\2. Conferences and ppt\dubai\IMG20200130125344.jpg"
"199.2","74.3","124.9","files\5. Project\1. Project\33.jpeg"
"269.6","145","124.7","files\8. Blog\1. academic\2. Conferences and ppt\dubai\IMG20200130142642.jpg"
"362","237.6","124.4","files\8. Blog\2. Connection\3. mom birthday\DSC03664.JPG"
"330.6","206.5","124.1","files\8. Blog\1. academic\2. Conferences and ppt\ICICV\IMG20200117200925.jpg"
"461.5","337.7","123.9","files\8. Blog\1. academic\3. workshops\13. gian mnit\20161224_133659.jpg"
"297.9","174.2","123.7","files\8. Blog\1. academic\2. Conferences and ppt\39. first ppt BVICAM\DSC03551.JPG"
"356.8","233.3","123.5","files\8. Blog\2. Connection\3. mom birthday\DSC06037.JPG"
"253.2","129.9","123.3","files\8. Blog\1. academic\2. Conferences and ppt\dubai\IMG20200130143035.jpg"
"563.4","440.5","122.9","files\8. Blog\4. Avocations\1. trekking\2. JAL MAHAL WITH YASH\IMG20230512133842.jpg"
"335.4","212.6","122.8","files\8. Blog\1. academic\4. expert talk\1\20180208_143012.jpg"
"363.6","240.8","122.8","files\8. Blog\4. Avocations\1. trekking\2. JAL MAHAL WITH YASH\IMG20230512134216.jpg"
"195.8","73","122.8","files\2. Education\3. Short Term Courses Attended\2.jpeg"
"335.4","212.6","122.8","files\8. Blog\1. academic\3. workshops\15. workshop-expert talk\20180208_143012.jpg"
"243.5","121","122.5","files\8. Blog\1. academic\2. Conferences and ppt\ICICV\IMG20200118120332.jpg"
"546.9","425","122","files\8. Blog\1. academic\4. expert talk\7\20260516_172546.jpg"
"339.3","217.4","121.8","files\8. Blog\1. academic\2. Conferences and ppt\dubai\IMG20200130155858.jpg"
"299","177.2","121.8","files\8. Blog\1. academic\2. Conferences and ppt\ICICV\IMG20200117200933.jpg"
"266.2","145.2","121","files\8. Blog\1. academic\2. Conferences and ppt\dubai\IMG20200130151555.jpg"
"331.1","210.8","120.4","files\8. Blog\1. academic\2. Conferences and ppt\SSIC-1\20170502_175547.jpg"
"298.1","177.8","120.3","files\8. Blog\1. academic\3. workshops\15. workshop-expert talk\20180208_143029.jpg"
"298.1","177.8","120.3","files\8. Blog\1. academic\4. expert talk\1\20180208_143029.jpg"
"292.5","172.3","120.1","files\8. Blog\1. academic\3. workshops\13. gian mnit\20161225_120510.jpg"
"358.2","238.2","120","files\8. Blog\1. academic\3. workshops\34. IIT delhi workshop\20170625_115455.jpg"
"692.6","572.6","120","files\8. Blog\4. Avocations\1. trekking\7. dence forest\IMG20230827075615.jpg"
"333","213","120","files\8. Blog\1. academic\2. Conferences and ppt\39. first ppt BVICAM\DSC03557.JPG"
"363.3","243.4","119.9","files\8. Blog\2. Connection\1. MUJ SSIC\_DSC1190.JPG"
"542.9","423.3","119.6","files\8. Blog\4. Avocations\1. trekking\2. JAL MAHAL WITH YASH\IMG20230512144744.jpg"
"344.3","224.8","119.4","files\8. Blog\1. academic\2. Conferences and ppt\icct-17\20171223_164449.jpg"
"326.4","206.9","119.4","files\8. Blog\1. academic\3. workshops\15. workshop-expert talk\20180208_143033.jpg"
"326.4","206.9","119.4","files\8. Blog\1. academic\4. expert talk\1\20180208_143033.jpg"
"230.5","111.2","119.3","files\8. Blog\4. Avocations\2. Drawing\artwork\DSC03041.JPG"
"236.8","117.5","119.3","files\8. Blog\1. academic\2. Conferences and ppt\dubai\IMG20200130151549.jpg"
"321.8","202.6","119.2","files\8. Blog\1. academic\2. Conferences and ppt\icct-17\20171223_164454.jpg"
"635","516.7","118.4","files\8. Blog\4. Avocations\1. trekking\2. JAL MAHAL WITH YASH\IMG20230512135140.jpg"
"338","219.6","118.4","files\8. Blog\1. academic\2. Conferences and ppt\icct-17\20171223_164453.jpg"
"248.5","130.4","118.1","files\8. Blog\2. Connection\3. mom birthday\DSC07045.JPG"
"320.1","202.4","117.8","files\8. Blog\3. Sports\2. Regional & Inter University\9\DSC01012.JPG"
"156.5","38.9","117.6","files\8. Blog\1. academic\1. leadership\2. wise captain\DSC00310.JPG"
"228","110.5","117.5","files\8. Blog\1. academic\5. faculty visits\3. IT day jaipur\20180321_135456.jpg"
"479.2","361.9","117.4","files\8. Blog\1. academic\6. Events done\17. yoga day\20180226_112926.jpg"
"316.5","199.5","117","files\8. Blog\1. academic\5. faculty visits\4. IT day and muj stall\20180927_134950.jpg"
"571.8","455","116.8","files\8. Blog\4. Avocations\1. trekking\11. girjadevi temple and tracking\20170127_165629.jpg"
"275","158.2","116.8","files\8. Blog\4. Avocations\1. trekking\3. Samod with minki\IMG20230205170703.jpg"
"234.4","117.6","116.8","files\2. Education\3. Short Term Courses Attended\5.jpeg"
"338.6","222.1","116.5","files\8. Blog\3. Sports\2. Regional & Inter University\9\DSC01014.JPG"
"292.6","176","116.5","files\8. Blog\2. Connection\2. ICICV conference outing\IMG20200213201825.jpg"
"205.8","89.4","116.4","files\4. Publication\3. conference\14\certi.jpeg"
"689.3","573.1","116.2","files\8. Blog\4. Avocations\1. trekking\5. gad ganesh with Apoo\IMG20231028064400.jpg"
"250.8","134.8","116","files\8. Blog\1. academic\5. faculty visits\4. IT day and muj stall\20180928_153549.jpg"
"299.9","184.2","115.8","files\8. Blog\4. Avocations\1. trekking\3. Samod with minki\IMG20230205172837.jpg"
"263.3","147.8","115.5","files\8. Blog\1. academic\2. Conferences and ppt\sIN 17\20171013_153105.jpg"
"285.5","170","115.5","files\8. Blog\1. academic\2. Conferences and ppt\dubai\IMG20200130130722.jpg"
"219.4","104.3","115.1","files\4. Publication\6. presentation\1\certi.jpeg"
"215.6","100.4","115.1","files\8. Blog\1. academic\6. Events done\14. Self defence\20180319_185234.jpg"
"719.6","604.6","115","files\8. Blog\4. Avocations\1. trekking\8. Jal mahal\IMG20230820062450.jpg"
"463.2","348.3","115","files\8. Blog\1. academic\5. faculty visits\4. IT day and muj stall\20180928_153635.jpg"
"364.4","249.8","114.6","files\8. Blog\4. Avocations\1. trekking\9. amer\IMG20240331065607.jpg"
"302.8","188.3","114.5","files\8. Blog\1. academic\3. workshops\10. IoT workshop\20170629_120348.jpg"
"288.6","174.1","114.5","files\8. Blog\2. Connection\2. ICICV conference outing\IMG20200213200238.jpg"
"491.1","376.8","114.3","files\8. Blog\4. Avocations\1. trekking\3. Samod with minki\IMG20230205170651.jpg"
"258.5","144.3","114.2","files\8. Blog\1. academic\3. workshops\34. IIT delhi workshop\20170625_115949.jpg"
"293.7","179.4","114.2","files\8. Blog\1. academic\5. faculty visits\1. zagreb, coratia\20180904_132520.jpg"
"468.1","354","114","files\8. Blog\1. academic\3. workshops\13. gian mnit\20161219_130639.jpg"
"305","191.4","113.6","files\8. Blog\1. academic\5. faculty visits\4. IT day and muj stall\20180926_153654.jpg"
"325.6","212.1","113.5","files\8. Blog\1. academic\6. Events done\14. Self defence\20180319_184142.jpg"
"331.9","218.7","113.1","files\8. Blog\1. academic\3. workshops\34. IIT delhi workshop\20170625_120727.jpg"
"780.2","667.1","113.1","files\8. Blog\4. Avocations\1. trekking\7. dence forest\IMG20230827074720.jpg"
"265.5","152.5","113","files\8. Blog\1. academic\5. faculty visits\1. zagreb, coratia\20180904_143515.jpg"
"305.9","193.3","112.7","files\8. Blog\1. academic\2. Conferences and ppt\ICCT 2019\IMG20190928140440.jpg"
"364.1","251.5","112.6","files\8. Blog\4. Avocations\1. trekking\3. Samod with minki\IMG20230205170842.jpg"
"328.9","216.6","112.3","files\8. Blog\1. academic\5. faculty visits\4. IT day and muj stall\20180926_145019.jpg"
"299.5","187.2","112.3","files\8. Blog\4. Avocations\2. Drawing\artwork\oil painting.JPG"
"786.7","674.5","112.2","files\8. Blog\4. Avocations\1. trekking\2. JAL MAHAL WITH YASH\IMG20230521061912.jpg"
"352.9","240.8","112.1","files\8. Blog\2. Connection\2. ICICV conference outing\IMG20200213200257.jpg"
"376.6","264.6","112","files\8. Blog\1. academic\3. workshops\13. gian mnit\20161224_125425.jpg"
"243.6","131.9","111.7","files\8. Blog\1. academic\2. Conferences and ppt\dubai\IMG20200130142449.jpg"
"749","637.4","111.6","files\8. Blog\4. Avocations\1. trekking\9. amer\IMG20240331064933.jpg"
"527.4","415.9","111.5","files\8. Blog\4. Avocations\1. trekking\10. samod with mom\IMG_20230430_071250.jpg"
"278.6","167.3","111.3","files\8. Blog\1. academic\6. Events done\14. Self defence\20180319_184141.jpg"
"246","134.7","111.3","files\8. Blog\1. academic\2. Conferences and ppt\39. first ppt BVICAM\DSC03525.JPG"
"321.5","210.3","111.2","files\8. Blog\1. academic\3. workshops\13. gian mnit\20161224_125442.jpg"
"313.8","202.7","111.1","files\8. Blog\1. academic\2. Conferences and ppt\ICICV\IMG20200117201052.jpg"
"283","172.1","110.8","files\8. Blog\1. academic\5. faculty visits\4. IT day and muj stall\20180927_134955.jpg"
"303.6","192.8","110.8","files\8. Blog\1. academic\2. Conferences and ppt\SSIC-2\20190118_102321.jpg"
"384.8","274.1","110.7","files\8. Blog\4. Avocations\1. trekking\2. JAL MAHAL WITH YASH\IMG20230512140928.jpg"
"244.8","134.1","110.6","files\8. Blog\1. academic\2. Conferences and ppt\39. first ppt BVICAM\DSC03523.JPG"
"287.5","177","110.5","files\8. Blog\1. academic\5. faculty visits\4. IT day and muj stall\20180927_153928.jpg"
"441.1","330.8","110.4","files\8. Blog\2. Connection\3. mom birthday\beautiful mom--.jpg"
"230.5","120.3","110.2","files\8. Blog\1. academic\5. faculty visits\4. IT day and muj stall\20180928_153541.jpg"
"291","180.9","110.1","files\8. Blog\1. academic\2. Conferences and ppt\ICCT 2019\IMG20190928115646.jpg"
"1024.6","914.7","109.9","files\8. Blog\4. Avocations\2. Drawing\rangoli\WhatsApp Image 2023-10-09 at 17.19.46.png"
"314.7","204.7","109.9","files\8. Blog\1. academic\3. workshops\34. IIT delhi workshop\20170625_115508.jpg"
"288.5","178.7","109.8","files\8. Blog\1. academic\2. Conferences and ppt\39. first ppt BVICAM\DSC03545.JPG"
"288.5","178.7","109.8","files\8. Blog\2. Connection\3. mom birthday\first ppt.JPG"
"371.3","261.7","109.6","files\8. Blog\1. academic\2. Conferences and ppt\ICCT 2019\IMG20190928140514.jpg"
"580","470.7","109.4","files\8. Blog\4. Avocations\1. trekking\1. gad ganesh with minki\IMG20230702071507.jpg"
"507.1","397.7","109.4","files\8. Blog\4. Avocations\1. trekking\9. amer\IMG20240331083219.jpg"
"235.1","125.8","109.3","files\8. Blog\1. academic\2. Conferences and ppt\ICCT 2019\IMG20190929154907.jpg"
"711.2","602","109.2","files\8. Blog\4. Avocations\1. trekking\2. JAL MAHAL WITH YASH\IMG20230512133839.jpg"
"250.5","141.3","109.2","files\8. Blog\1. academic\7. Hackathon Head\31. hackathon head\20181114_102539.jpg"
"224.1","114.9","109.2","files\8. Blog\1. academic\7. Hackathon Head\31. hackathon head\20190113_205506.jpg"
"495","385.9","109.1","files\8. Blog\4. Avocations\1. trekking\6. gad ganesh with mom\IMG20240407085327.jpg"
"721.3","612.2","109.1","files\8. Blog\4. Avocations\1. trekking\7. dence forest\IMG20230827074735.jpg"
"467.7","358.7","108.9","files\8. Blog\1. academic\5. faculty visits\29. physics day\IMG20220712121811.jpg"
"241.9","132.9","108.9","files\8. Blog\1. academic\5. faculty visits\3. IT day jaipur\20180321_141615.jpg"
"285.5","176.6","108.8","files\8. Blog\1. academic\5. faculty visits\29. physics day\IMG20220712122025.jpg"
"315.7","207","108.7","files\8. Blog\4. Avocations\1. trekking\4. chulgiri with minki\IMG20230212165802.jpg"
"285.5","176.9","108.5","files\8. Blog\1. academic\3. workshops\34. IIT delhi workshop\20170625_120751.jpg"
"265.7","157.3","108.4","files\8. Blog\1. academic\3. workshops\34. IIT delhi workshop\20170625_122821.jpg"
"463.1","354.9","108.2","files\8. Blog\1. academic\5. faculty visits\3. IT day jaipur\20180321_105455.jpg"
"778","669.9","108.1","files\8. Blog\4. Avocations\1. trekking\2. JAL MAHAL WITH YASH\IMG20230512142523.jpg"
"794.2","686.1","108.1","files\8. Blog\4. Avocations\1. trekking\8. Jal mahal\IMG20230820062736.jpg"
"316.7","208.6","108.1","files\8. Blog\1. academic\3. workshops\34. IIT delhi workshop\20170625_120744.jpg"
"280.3","172.3","108","files\8. Blog\1. academic\3. workshops\34. IIT delhi workshop\20170625_113522.jpg"
"145.8","37.8","108","files\8. Blog\1. academic\1. leadership\2. wise captain\DSC00328.JPG"
"211.3","103.3","107.9","files\8. Blog\1. academic\5. faculty visits\3. IT day jaipur\20180321_141452.jpg"
"438.6","330.6","107.9","files\8. Blog\4. Avocations\1. trekking\6. gad ganesh with mom\IMG20240407074915.jpg"
"344.7","236.8","107.9","files\8. Blog\1. academic\5. faculty visits\29. physics day\IMG20220712121820.jpg"
"635.2","527.4","107.8","files\8. Blog\4. Avocations\1. trekking\4. chulgiri with minki\IMG20230212170005.jpg"
"470.4","362.7","107.7","files\8. Blog\4. Avocations\1. trekking\9. amer\IMG20240331083543.jpg"
"284.7","177","107.7","files\8. Blog\1. academic\5. faculty visits\3. IT day jaipur\20180321_133924.jpg"
"225.2","117.6","107.7","files\8. Blog\1. academic\2. Conferences and ppt\ICCT 2019\IMG20190929154908.jpg"
"276.6","169.2","107.4","files\8. Blog\1. academic\2. Conferences and ppt\ICICV\IMG20200117195203.jpg"
"744.7","637.3","107.4","files\8. Blog\4. Avocations\1. trekking\2. JAL MAHAL WITH YASH\IMG20230512135011.jpg"
"789.6","682.3","107.3","files\8. Blog\4. Avocations\1. trekking\7. dence forest\IMG20230827074154.jpg"
"252.6","145.4","107.2","files\8. Blog\1. academic\8. Social Activities\2. Blood Donation-2017\20171116_165911.jpg"
"791.6","684.5","107.1","files\8. Blog\4. Avocations\1. trekking\7. dence forest\IMG20230827075018.jpg"
"251.3","144.3","107","files\8. Blog\2. Connection\1. MUJ SSIC\IMG_2878.JPG"
"251","144.2","106.9","files\8. Blog\1. academic\5. faculty visits\3. IT day jaipur\20180321_133922.jpg"
"549.4","442.6","106.8","files\8. Blog\4. Avocations\1. trekking\6. gad ganesh with mom\IMG20240407080646.jpg"
"237.9","131.2","106.8","files\8. Blog\1. academic\2. Conferences and ppt\39. first ppt BVICAM\DSC03524.JPG"
"300.6","193.8","106.8","files\8. Blog\4. Avocations\1. trekking\9. amer\IMG20240331083253.jpg"
"512.3","405.9","106.5","files\8. Blog\4. Avocations\1. trekking\6. gad ganesh with mom\IMG20240407083332.jpg"
"257.4","151","106.4","files\8. Blog\1. academic\2. Conferences and ppt\Coratia Conference\20180918_083356.jpg"
"310.1","203.8","106.4","files\8. Blog\3. Sports\2. Regional & Inter University\9\DSC01029.JPG"
"674.5","568.1","106.4","files\8. Blog\4. Avocations\1. trekking\5. gad ganesh with Apoo\IMG20231028064736.jpg"
"249.7","143.4","106.4","files\8. Blog\1. academic\5. faculty visits\4. IT day and muj stall\20180928_114619.jpg"
"804.4","698.3","106.2","files\8. Blog\4. Avocations\1. trekking\2. JAL MAHAL WITH YASH\IMG20230512134709.jpg"
"398.9","292.8","106.2","files\8. Blog\4. Avocations\1. trekking\6. gad ganesh with mom\IMG20240407085231.jpg"
"191.9","85.7","106.1","files\2. Education\3. Short Term Courses Attended\41.jpg"
"236.2","130.4","105.9","files\8. Blog\1. academic\3. workshops\34. IIT delhi workshop\20170625_114408.jpg"
"235.8","130.2","105.7","files\8. Blog\1. academic\5. faculty visits\3. IT day jaipur\20180321_133927.jpg"
"287.9","182.4","105.5","files\8. Blog\1. academic\3. workshops\34. IIT delhi workshop\20170625_120747.jpg"
"323","217.5","105.5","files\8. Blog\1. academic\6. Events done\14. Self defence\20180319_184330.jpg"
"252.8","147.5","105.4","files\8. Blog\2. Connection\1. MUJ SSIC\IMG_2806.JPG"
"316.2","211","105.3","files\8. Blog\4. Avocations\2. Drawing\rangoli\IMG_2577.JPG"
"362.1","256.9","105.2","files\8. Blog\1. academic\6. Events done\14. Self defence\20180319_184344.jpg"
"330.4","225.3","105.1","files\8. Blog\4. Avocations\1. trekking\5. gad ganesh with Apoo\IMG20231028072127.jpg"
"331.9","226.8","105","files\8. Blog\1. academic\6. Events done\14. Self defence\20180319_184332.jpg"
"455","350.2","104.7","files\8. Blog\4. Avocations\1. trekking\9. amer\IMG20240331082421.jpg"
"231.5","127","104.5","files\8. Blog\1. academic\5. faculty visits\1. zagreb, coratia\20180904_143444.jpg"
"292.4","188.1","104.3","files\8. Blog\1. academic\3. workshops\34. IIT delhi workshop\20170625_115846.jpg"
"476.5","372.2","104.3","files\8. Blog\4. Avocations\1. trekking\6. gad ganesh with mom\IMG20240407083255.jpg"
"228.1","123.7","104.3","files\8. Blog\1. academic\3. workshops\12. one week FDP\20170119_134736.jpg"
"572.7","468.5","104.2","files\8. Blog\4. Avocations\1. trekking\5. gad ganesh with Apoo\IMG20231028071814.jpg"
"221.5","117.4","104.1","files\8. Blog\2. Connection\2. ICICV conference outing\IMG20200213214329.jpg"
"261.7","157.8","103.9","files\8. Blog\2. Connection\1. MUJ SSIC\IMG_2841.JPG"
"263.4","159.5","103.9","files\8. Blog\1. academic\5. faculty visits\29. physics day\IMG20220712121911.jpg"
"218","114.2","103.8","files\8. Blog\1. academic\3. workshops\10. IoT workshop\20170629_120354.jpg"
"217","113.2","103.8","files\8. Blog\1. academic\2. Conferences and ppt\ICCT 2019\IMG20190929120234.jpg"
"642.3","538.7","103.6","files\2. Education\3. Short Term Courses Attended\20.png"
"427.7","324.1","103.6","files\8. Blog\4. Avocations\1. trekking\1. gad ganesh with minki\IMG20230702072357.jpg"
"684.4","580.7","103.6","files\8. Blog\1. academic\3. workshops\13. gian mnit\20161220_135849.jpg"
"408.6","305.1","103.5","files\8. Blog\1. academic\5. faculty visits\29. physics day\IMG20220712122050.jpg"
"645.3","541.8","103.5","files\8. Blog\4. Avocations\1. trekking\3. Samod with minki\IMG20230205172824.jpg"
"201.9","98.5","103.4","files\8. Blog\1. academic\5. faculty visits\3. IT day jaipur\20180321_141157.jpg"
"248.6","145.2","103.4","files\8. Blog\1. academic\6. Events done\0. mou\IMG_3041.JPG"
"221.3","118.2","103.2","files\8. Blog\1. academic\3. workshops\34. IIT delhi workshop\20170625_115903.jpg"
"744.4","641.2","103.2","files\8. Blog\4. Avocations\1. trekking\11. girjadevi temple and tracking\20170127_164717.jpg"
"229.7","126.6","103.1","files\8. Blog\1. academic\5. faculty visits\4. IT day and muj stall\20180928_153055.jpg"
"483.5","380.4","103.1","files\8. Blog\4. Avocations\1. trekking\9. amer\IMG20240331070001.jpg"
"208","104.8","103.1","files\8. Blog\1. academic\3. workshops\12. one week FDP\20170119_134748.jpg"
"297.2","194.1","103.1","files\8. Blog\4. Avocations\1. trekking\4. chulgiri with minki\IMG20230212170638.jpg"
"146.1","43.1","103","files\8. Blog\1. academic\1. leadership\2. wise captain\DSC00326.JPG"
"225.2","122.2","103","files\8. Blog\1. academic\5. faculty visits\4. IT day and muj stall\20180928_153025.jpg"
"324.1","221.2","102.9","files\8. Blog\1. academic\2. Conferences and ppt\27. Organised ICCT conference\IMG20211213123347.jpg"
"244.7","141.8","102.9","files\8. Blog\2. Connection\2. ICICV conference outing\IMG20200213203430.jpg"
"290.4","187.5","102.9","files\8. Blog\1. academic\2. Conferences and ppt\Coratia Conference\IMG_1600.JPG"
"562.3","459.6","102.7","files\8. Blog\4. Avocations\1. trekking\7. dence forest\IMG20230827065723.jpg"
"833","730.3","102.7","files\8. Blog\4. Avocations\1. trekking\2. JAL MAHAL WITH YASH\IMG20230512134711.jpg"
"248.8","146.3","102.5","files\8. Blog\1. academic\5. faculty visits\1. zagreb, coratia\20180904_143436.jpg"
"214.6","112.2","102.4","files\8. Blog\2. Connection\1. MUJ SSIC\IMG_2782.JPG"
"285.1","182.7","102.4","files\8. Blog\1. academic\5. faculty visits\1. zagreb, coratia\20180904_143455.jpg"
"369.7","267.4","102.3","files\8. Blog\4. Avocations\1. trekking\3. Samod with minki\IMG20230205170648.jpg"
"317.3","215.1","102.2","files\8. Blog\4. Avocations\1. trekking\2. JAL MAHAL WITH YASH\IMG20230512140341.jpg"
"340.3","238.2","102.2","files\8. Blog\1. academic\2. Conferences and ppt\ICCT 2019\IMG20190928113511.jpg"
"570.8","468.7","102.1","files\8. Blog\4. Avocations\1. trekking\6. gad ganesh with mom\IMG20240407095045.jpg"
"244","142","102","files\8. Blog\1. academic\5. faculty visits\1. zagreb, coratia\20180904_143416.jpg"
"432.1","330.1","101.9","files\8. Blog\4. Avocations\2. Drawing\rangoli\20260516_164941.jpg"
"277.4","175.6","101.8","files\8. Blog\1. academic\3. workshops\30. Telemetry workshop\20190326_125529.jpg"
"457.6","355.9","101.7","files\8. Blog\4. Avocations\1. trekking\7. dence forest\IMG20230827062922.jpg"
"262.6","160.9","101.7","files\8. Blog\1. academic\6. Events done\14. Self defence\20180319_184241.jpg"
"147.5","45.9","101.6","files\8. Blog\1. academic\1. leadership\2. wise captain\DSC00307.JPG"
"225.4","123.8","101.6","files\8. Blog\1. academic\5. faculty visits\1. zagreb, coratia\20180904_143429.jpg"
"403.1","301.7","101.4","files\8. Blog\4. Avocations\2. Drawing\20260516_162438.jpg"
"199.3","98","101.3","files\8. Blog\4. Avocations\1. trekking\3. Samod with minki\IMG20230205185028.jpg"
"264.1","162.8","101.3","files\8. Blog\1. academic\6. Events done\14. Self defence\20180319_184237.jpg"
"484.8","384","100.8","files\8. Blog\4. Avocations\1. trekking\4. chulgiri with minki\IMG20230212170008.jpg"
"676.7","575.9","100.8","files\8. Blog\4. Avocations\1. trekking\2. JAL MAHAL WITH YASH\IMG20230512134235.jpg"
"321.8","221.1","100.7","files\8. Blog\1. academic\2. Conferences and ppt\27. Organised ICCT conference\IMG20211213123342.jpg"
"278.7","178.2","100.5","files\8. Blog\1. academic\6. Events done\14. Self defence\20180319_184229.jpg"
"253.9","153.5","100.5","files\8. Blog\1. academic\5. faculty visits\29. physics day\IMG20220712121955.jpg"
"277.7","177.5","100.2","files\8. Blog\1. academic\5. faculty visits\35. robotics fair\20170318_140030.jpg"
"265.4","165.2","100.2","files\8. Blog\1. academic\5. faculty visits\35. robotics fair\20170318_135812.jpg"
"563.4","463.3","100.1","files\8. Blog\4. Avocations\1. trekking\10. samod with mom\IMG_20230430_064856.jpg"
"212.6","112.5","100.1","files\8. Blog\1. academic\5. faculty visits\1. zagreb, coratia\20180904_143503.jpg"
"406","305.9","100.1","files\8. Blog\4. Avocations\1. trekking\5. gad ganesh with Apoo\IMG20231028090236.jpg"
"220.2","120.3","99.9","files\8. Blog\1. academic\2. Conferences and ppt\Coratia Conference\20180918_001524.jpg"
"228.5","128.7","99.8","files\8. Blog\1. academic\6. Events done\0. mou\IMG_3037.JPG"
"247.2","147.4","99.8","files\8. Blog\1. academic\3. workshops\16. image processing workshop\20180225_154426(0).jpg"
"224.8","125","99.8","files\8. Blog\1. academic\3. workshops\34. IIT delhi workshop\20170625_112823.jpg"
"329.2","229.6","99.6","files\8. Blog\4. Avocations\1. trekking\2. JAL MAHAL WITH YASH\IMG20230512141130.jpg"
"190.8","91.3","99.5","files\8. Blog\1. academic\2. Conferences and ppt\dubai\IMG20200130143230.jpg"
"316.8","217.3","99.5","files\8. Blog\1. academic\8. Social Activities\2. Blood Donation - 2018\IMG_2505.JPG"
"170.9","71.5","99.5","files\2. Education\3. Short Term Courses Attended\3.jpeg"
"340","240.5","99.5","files\8. Blog\4. Avocations\1. trekking\5. gad ganesh with Apoo\IMG20231028081448.jpg"
"201.8","102.5","99.3","files\8. Blog\1. academic\5. faculty visits\35. robotics fair\20170319_154955.jpg"
"252.2","153.2","99","files\8. Blog\1. academic\2. Conferences and ppt\39. first ppt BVICAM\DSC03526.JPG"
"252.2","153.2","99","files\8. Blog\2. Connection\3. mom birthday\first ppt at bvicam.JPG"
"879.4","780.6","98.8","files\8. Blog\4. Avocations\1. trekking\2. JAL MAHAL WITH YASH\IMG20230512143759.jpg"
"545.5","446.9","98.6","files\8. Blog\4. Avocations\1. trekking\2. JAL MAHAL WITH YASH\IMG20230512140550.jpg"
"258.7","160.1","98.6","files\8. Blog\4. Avocations\1. trekking\5. gad ganesh with Apoo\IMG20231028065411.jpg"
"242.6","144","98.6","files\8. Blog\1. academic\5. faculty visits\35. robotics fair\20170318_135806.jpg"
"633.4","534.9","98.5","files\8. Blog\4. Avocations\1. trekking\6. gad ganesh with mom\IMG20240407082246.jpg"
"262.1","163.7","98.4","files\8. Blog\1. academic\6. Events done\14. Self defence\20180319_184154.jpg"
"139.6","41.2","98.4","files\8. Blog\1. academic\1. leadership\3. senior perfect\DSC00628.JPG"
"368.5","270.1","98.4","files\8. Blog\2. Connection\header\IMG20200128140658.jpg"
"740","641.6","98.4","files\8. Blog\4. Avocations\1. trekking\9. amer\IMG20240331065111.jpg"
"266.5","168.2","98.3","files\8. Blog\1. academic\6. Events done\14. Self defence\20180319_184317.jpg"
"268.8","170.6","98.2","files\8. Blog\1. academic\6. Events done\14. Self defence\20180319_184254.jpg"
"326","228","98.1","files\8. Blog\1. academic\5. faculty visits\3. IT day jaipur\20180321_105452.jpg"
"276.8","178.6","98.1","files\8. Blog\1. academic\5. faculty visits\35. robotics fair\20170319_143313.jpg"
"228.3","130.7","97.7","files\8. Blog\1. academic\6. Events done\14. Self defence\20180319_184130.jpg"
"379.2","281.5","97.7","files\8. Blog\4. Avocations\1. trekking\9. amer\IMG20240331064839.jpg"
"325.8","228.3","97.5","files\8. Blog\1. academic\8. Social Activities\32. cleanileness drive\20181002_092635.jpg"
"282.9","185.4","97.5","files\8. Blog\1. academic\8. Social Activities\2. Blood Donation-2017\20171116_142416.jpg"
"542.2","444.9","97.4","files\8. Blog\4. Avocations\1. trekking\7. dence forest\IMG20230827083209.jpg"
"219.2","122","97.2","files\8. Blog\4. Avocations\1. trekking\8. Jal mahal\IMG20230820061053.jpg"
"153.1","56.1","97","files\6. Award\8. Top researcher of the month - June 2023\WhatsApp Image 2026-05-14 at 2.09.25 PM.jpeg"
"413.4","316.4","97","files\8. Blog\4. Avocations\1. trekking\5. gad ganesh with Apoo\IMG20231028072138.jpg"
"266.9","169.9","97","files\8. Blog\1. academic\5. faculty visits\35. robotics fair\20170318_135747.jpg"
"433.4","336.5","96.9","files\8. Blog\4. Avocations\1. trekking\3. Samod with minki\IMG20230205170639.jpg"
"850.1","753.3","96.8","files\8. Blog\4. Avocations\1. trekking\7. dence forest\IMG20230827075158.jpg"
"208.6","111.9","96.7","files\2. Education\3. Short Term Courses Attended\12.jpeg"
"394.9","298.3","96.7","files\8. Blog\4. Avocations\1. trekking\9. amer\IMG20240331084149.jpg"
"314.5","217.8","96.7","files\8. Blog\4. Avocations\1. trekking\9. amer\IMG20240331065516.jpg"
"210.1","113.5","96.6","files\8. Blog\1. academic\2. Conferences and ppt\39. first ppt BVICAM\DSC03527.JPG"
"265.8","169.3","96.6","files\8. Blog\1. academic\5. faculty visits\4. IT day and muj stall\20180927_153955.jpg"
"221.4","124.8","96.6","files\8. Blog\2. Connection\1. MUJ SSIC\IMG_2790.JPG"
"261.6","165.1","96.5","files\8. Blog\1. academic\5. faculty visits\35. robotics fair\20170319_141552.jpg"
"323.4","227.1","96.4","files\8. Blog\4. Avocations\1. trekking\5. gad ganesh with Apoo\IMG20231028090452.jpg"
"221.7","125.3","96.3","files\8. Blog\1. academic\3. workshops\10. IoT workshop\20170629_115953.jpg"
"410.6","314.2","96.3","files\8. Blog\1. academic\6. Events done\14. Self defence\20180319_182726.jpg"
"622.7","526.8","95.9","files\8. Blog\4. Avocations\1. trekking\9. amer\IMG20240331082805.jpg"
"363","267.6","95.4","files\8. Blog\1. academic\3. workshops\13. gian mnit\20161219_133152.jpg"
"309","213.6","95.4","files\8. Blog\1. academic\5. faculty visits\29. physics day\IMG20220712121907.jpg"
"776","680.7","95.3","files\8. Blog\4. Avocations\1. trekking\6. gad ganesh with mom\IMG20240407082750.jpg"
"288.1","192.9","95.2","files\8. Blog\4. Avocations\1. trekking\2. JAL MAHAL WITH YASH\IMG20230512150115.jpg"
"288.3","193.1","95.2","files\8. Blog\1. academic\6. Events done\11. Vikram award\IMG_5657.JPG"
"231.8","136.6","95.1","files\8. Blog\1. academic\5. faculty visits\3. IT day jaipur\20180321_133904.jpg"
"330","234.9","95.1","files\8. Blog\4. Avocations\1. trekking\4. chulgiri with minki\IMG20230212171047.jpg"
"277.4","182.3","95.1","files\8. Blog\1. academic\5. faculty visits\35. robotics fair\20170318_135742.jpg"
"226.1","131","95.1","files\8. Blog\4. Avocations\1. trekking\3. Samod with minki\IMG20230205172709.jpg"
"193.3","98.4","95","files\8. Blog\1. academic\3. workshops\34. IIT delhi workshop\20170625_113024.jpg"
"209.6","114.7","94.9","files\8. Blog\2. Connection\1. MUJ SSIC\IMG_2855.JPG"
"302.4","207.5","94.9","files\8. Blog\1. academic\6. Events done\11. Vikram award\IMG_5672.JPG"
"344.4","249.5","94.9","files\8. Blog\1. academic\5. faculty visits\29. physics day\IMG20220712122039.jpg"
"500.9","406.4","94.6","files\8. Blog\4. Avocations\1. trekking\5. gad ganesh with Apoo\IMG20231028070743.jpg"
"222.1","127.8","94.3","files\5. Project\1. Project\39.png"
"238","143.7","94.3","files\8. Blog\1. academic\3. workshops\37. MUN\IMG_7544.JPG"
"890.7","796.5","94.3","files\8. Blog\4. Avocations\1. trekking\6. gad ganesh with mom\IMG20240407082259.jpg"
"517.6","423.4","94.2","files\8. Blog\4. Avocations\1. trekking\7. dence forest\IMG20230827073810.jpg"
"474.5","380.4","94.2","files\8. Blog\4. Avocations\1. trekking\5. gad ganesh with Apoo\IMG20231028075935.jpg"
"219.3","125.3","93.9","files\8. Blog\1. academic\2. Conferences and ppt\ICCT 2019\IMG20190929120204.jpg"
"306.6","212.7","93.9","files\8. Blog\1. academic\7. Hackathon Head\28. school hackathon\IMG20191113111254.jpg"
"195.4","101.6","93.8","files\8. Blog\1. academic\7. Hackathon Head\31. hackathon head\20181114_102544.jpg"
"366.2","272.3","93.8","files\8. Blog\4. Avocations\1. trekking\6. gad ganesh with mom\IMG20240407095414.jpg"
"309.6","215.7","93.8","files\8. Blog\1. academic\7. Hackathon Head\28. school hackathon\IMG20191113111653.jpg"
"390.5","296.8","93.8","files\8. Blog\1. academic\8. Social Activities\32. cleanileness drive\20181002_091119.jpg"
"159.7","66.2","93.5","files\2. Education\5. Seminars Attended\2.jpg"
"219.2","125.6","93.5","files\8. Blog\1. academic\2. Conferences and ppt\ICCT 2019\IMG20190929120206.jpg"
"393.1","299.6","93.5","files\8. Blog\1. academic\5. faculty visits\3. IT day jaipur\20180321_105511.jpg"
"286.9","193.5","93.4","files\8. Blog\1. academic\6. Events done\11. Vikram award\IMG_5705.JPG"
"270.7","177.3","93.4","files\8. Blog\1. academic\6. Events done\11. Vikram award\IMG_5661.JPG"
"196.7","103.5","93.2","files\8. Blog\1. academic\2. Conferences and ppt\ICCT 2019\IMG20190929154902.jpg"
"419.4","326.2","93.2","files\8. Blog\4. Avocations\1. trekking\6. gad ganesh with mom\IMG20240407085040.jpg"
"234.5","141.4","93.1","files\8. Blog\1. academic\5. faculty visits\35. robotics fair\20170319_141540.jpg"
"263.7","170.6","93.1","files\8. Blog\1. academic\5. faculty visits\1. zagreb, coratia\20180904_112911.jpg"
"321.8","228.7","93.1","files\8. Blog\1. academic\7. Hackathon Head\28. school hackathon\IMG20191113111451.jpg"
"269","176","93","files\8. Blog\1. academic\6. Events done\11. Vikram award\IMG_5714.JPG"
"285.2","192.3","92.9","files\8. Blog\1. academic\6. Events done\11. Vikram award\IMG_5617.JPG"
"242.4","149.5","92.9","files\8. Blog\1. academic\5. faculty visits\35. robotics fair\20170319_141541.jpg"
"238.7","145.9","92.8","files\8. Blog\2. Connection\2. ICICV conference outing\IMG20200213212414.jpg"
"332.8","240.1","92.7","files\8. Blog\1. academic\7. Hackathon Head\28. school hackathon\IMG20191113112224.jpg"
"272.8","180","92.7","files\8. Blog\1. academic\8. Social Activities\2. Blood Donation - 2018\IMG_2495.JPG"
"144.1","51.8","92.3","files\8. Blog\1. academic\1. leadership\2. wise captain\DSC00309.JPG"
"166.9","74.6","92.3","files\2. Education\3. Short Term Courses Attended\19.jpeg"
"578.8","486.5","92.2","files\8. Blog\4. Avocations\1. trekking\5. gad ganesh with Apoo\IMG20231028080304.jpg"
"248.3","156.1","92.2","files\8. Blog\1. academic\8. Social Activities\32. cleanileness drive\20181002_092657.jpg"
"223.4","131.3","92.1","files\8. Blog\1. academic\5. faculty visits\1. zagreb, coratia\20180904_140538.jpg"
"362.9","270.9","92","files\8. Blog\1. academic\5. faculty visits\4. IT day and muj stall\20180926_145841.jpg"
"298","206","92","files\8. Blog\1. academic\2. Conferences and ppt\sIN 17\20171014_154309.jpg"
"194.8","102.9","91.9","files\8. Blog\1. academic\5. faculty visits\3. IT day jaipur\20180321_133848.jpg"
"142","50.2","91.8","files\8. Blog\1. academic\4. expert talk\1\IMG-20180212-WA0001.jpg"
"142","50.2","91.8","files\8. Blog\1. academic\3. workshops\15. workshop-expert talk\IMG-20180212-WA0001.jpg"
"146.8","55.2","91.6","files\6. Award\7. Top researcher of the month - August 2022\WhatsApp Image 2026-05-14 at 2.09.24 PM.jpeg"
"486.8","395.2","91.6","files\8. Blog\4. Avocations\1. trekking\5. gad ganesh with Apoo\IMG20231028071750.jpg"
"228.3","136.7","91.6","files\8. Blog\1. academic\5. faculty visits\35. robotics fair\20170318_135621.jpg"
"500.3","408.6","91.6","files\8. Blog\2. Connection\3. mom birthday\beautiful mom.jpg"
"183.3","91.8","91.5","files\8. Blog\1. academic\3. workshops\34. IIT delhi workshop\20170625_111113.jpg"
"415.1","323.5","91.5","files\8. Blog\4. Avocations\1. trekking\10. samod with mom\IMG_20230430_070056.jpg"
"224.6","133.3","91.4","files\8. Blog\2. Connection\header\DSC03831.JPG"
"223.4","132.1","91.3","files\8. Blog\1. academic\5. faculty visits\35. robotics fair\20170319_141544.jpg"
"498.2","406.9","91.3","files\8. Blog\4. Avocations\1. trekking\1. gad ganesh with minki\IMG20230702070932.jpg"
"265.6","174.3","91.3","files\8. Blog\1. academic\6. Events done\11. Vikram award\IMG_5646.JPG"
"316.1","225.2","90.8","files\8. Blog\1. academic\7. Hackathon Head\28. school hackathon\IMG20191113111455.jpg"
"186.5","95.7","90.8","files\8. Blog\1. academic\2. Conferences and ppt\ICCT 2019\IMG20190929154801.jpg"
"508.3","417.7","90.7","files\8. Blog\4. Avocations\1. trekking\4. chulgiri with minki\IMG20230212171106.jpg"
"289","198.3","90.7","files\8. Blog\1. academic\7. Hackathon Head\28. school hackathon\IMG20191113111251.jpg"
"480.3","389.6","90.7","files\8. Blog\4. Avocations\1. trekking\6. gad ganesh with mom\IMG20240407082352.jpg"
"295.6","205","90.7","files\8. Blog\4. Avocations\1. trekking\4. chulgiri with minki\IMG20230212165618.jpg"
"365.1","274.4","90.7","files\8. Blog\4. Avocations\1. trekking\3. Samod with minki\IMG20230205171034.jpg"
"314.2","223.5","90.7","files\8. Blog\4. Avocations\1. trekking\11. girjadevi temple and tracking\20170127_174153.jpg"
"225.1","134.5","90.7","files\8. Blog\1. academic\3. workshops\10. IoT workshop\20170629_120003.jpg"
"256.1","165.5","90.7","files\8. Blog\1. academic\5. faculty visits\4. IT day and muj stall\20180926_114045.jpg"
"200.4","109.8","90.6","files\8. Blog\1. academic\6. Events done\0. mou\IMG_3051.JPG"
"356.6","266","90.6","files\8. Blog\1. academic\5. faculty visits\2. rijeka, coratia\20180911_110623.jpg"
"472","381.5","90.5","files\8. Blog\4. Avocations\1. trekking\3. Samod with minki\IMG20230205171024.jpg"
"315.7","225.4","90.4","files\8. Blog\4. Avocations\1. trekking\7. dence forest\IMG20230827071152.jpg"
"405.3","314.9","90.4","files\8. Blog\1. academic\4. expert talk\7\20260516_172526.jpg"
"142.7","52.4","90.3","files\8. Blog\1. academic\1. leadership\2. wise captain\DSC00308.JPG"
"224.1","133.8","90.3","files\8. Blog\1. academic\5. faculty visits\29. physics day\IMG20220712122019.jpg"
"290.7","200.5","90.2","files\8. Blog\4. Avocations\2. Drawing\rangoli\IMG20191214101311.jpg"
"1170","1079.8","90.2","files\2. Education\logo\1.png"
"457.3","367.2","90.1","files\8. Blog\4. Avocations\1. trekking\11. girjadevi temple and tracking\20170127_165305.jpg"
"283.4","193.5","89.9","files\8. Blog\1. academic\3. workshops\20. muj deep learning fdp\IMG_9861.JPG"
"288.9","199","89.9","files\8. Blog\4. Avocations\1. trekking\4. chulgiri with minki\IMG20230212165616.jpg"
"243.2","153.4","89.8","files\8. Blog\1. academic\5. faculty visits\29. physics day\IMG20220712122006.jpg"
"139.7","50","89.8","files\8. Blog\1. academic\1. leadership\2. wise captain\DSC00306.JPG"
"202","112.2","89.8","files\8. Blog\1. academic\2. Conferences and ppt\dubai\IMG20200130143117.jpg"
"234.8","145.2","89.6","files\8. Blog\1. academic\5. faculty visits\1. zagreb, coratia\20180904_150657.jpg"
"349","259.4","89.6","files\8. Blog\4. Avocations\1. trekking\5. gad ganesh with Apoo\IMG20231028072923.jpg"
"212.3","122.6","89.6","files\8. Blog\1. academic\3. workshops\10. IoT workshop\20170629_120004.jpg"
"220.7","131.2","89.5","files\8. Blog\1. academic\5. faculty visits\3. IT day jaipur\IMG20230320174945.jpg"
"336.7","247.4","89.4","files\8. Blog\4. Avocations\1. trekking\5. gad ganesh with Apoo\IMG20231028074853.jpg"
"268.3","179","89.3","files\8. Blog\1. academic\5. faculty visits\35. robotics fair\20170318_135750.jpg"
"199.4","110.3","89.1","files\8. Blog\1. academic\2. Conferences and ppt\ICCT 2019\IMG20190929154905.jpg"
"249.6","160.4","89.1","files\8. Blog\1. academic\8. Social Activities\2. Blood Donation - 2018\IMG_2492.JPG"
"274","184.9","89","files\8. Blog\1. academic\8. Social Activities\2. Blood Donation - 2018\IMG_2520.JPG"
"1026.1","937.2","88.9","files\8. Blog\4. Avocations\2. Drawing\rangoli\WhatsApp Image 2023-10-09 at 17.19.35.png"
"229.2","140.4","88.8","files\8. Blog\1. academic\5. faculty visits\3. IT day jaipur\20180320_155707.jpg"
"291","202.2","88.8","files\8. Blog\1. academic\7. Hackathon Head\28. school hackathon\IMG20191113111314.jpg"
"250.4","161.6","88.8","files\8. Blog\1. academic\5. faculty visits\4. IT day and muj stall\20180927_153942.jpg"
"210.4","121.8","88.6","files\8. Blog\1. academic\2. Conferences and ppt\ICCT 2019\IMG20190929120200.jpg"
"265.8","177.3","88.6","files\8. Blog\1. academic\8. Social Activities\2. Blood Donation - 2018\IMG_2514.JPG"
"366.1","277.7","88.3","files\8. Blog\4. Avocations\1. trekking\9. amer\IMG20240331070621.jpg"
"401.8","313.4","88.3","files\8. Blog\3. Sports\3. Office  College  School\10\20181218_132232.jpg"
"212.5","124.4","88.1","files\8. Blog\4. Avocations\1. trekking\4. chulgiri with minki\IMG20230212170624.jpg"
"240.1","152","88.1","files\8. Blog\1. academic\6. Events done\11. Vikram award\IMG_5645.JPG"
"368.9","280.8","88","files\8. Blog\1. academic\5. faculty visits\2. rijeka, coratia\20180911_110644.jpg"
"354.2","266.3","87.9","files\8. Blog\4. Avocations\1. trekking\2. JAL MAHAL WITH YASH\IMG20230521063627.jpg"
"198.8","111","87.9","files\8. Blog\4. Avocations\1. trekking\8. Jal mahal\IMG20230820061056.jpg"
"313.2","225.4","87.8","files\8. Blog\1. academic\6. Events done\11. Vikram award\IMG_5676.JPG"
"464","376.3","87.7","files\8. Blog\4. Avocations\1. trekking\9. amer\IMG20240331083649.jpg"
"184.5","97.1","87.4","files\8. Blog\1. academic\2. Conferences and ppt\ICCT 2019\IMG20190929154805.jpg"
"203.6","116.3","87.3","files\8. Blog\1. academic\5. faculty visits\35. robotics fair\20170319_141555.jpg"
"308.4","221.1","87.3","files\8. Blog\1. academic\3. workshops\37. MUN\IMG_7545.JPG"
"214.6","127.3","87.3","files\8. Blog\1. academic\2. Conferences and ppt\sIN 17\IMG_8813.JPG"
"272.1","185","87.1","files\8. Blog\1. academic\8. Social Activities\2. Blood Donation - 2019\IMG20191114142411.jpg"
"518.5","431.7","86.9","files\8. Blog\4. Avocations\1. trekking\6. gad ganesh with mom\IMG20240407091823.jpg"
"201.6","114.8","86.8","files\8. Blog\1. academic\2. Conferences and ppt\dubai\IMG20200130142635.jpg"
"267.1","180.4","86.7","files\8. Blog\1. academic\3. workshops\6. Gian Course\20170103_131348.jpg"
"291.6","205","86.6","files\8. Blog\1. academic\8. Social Activities\2. Blood Donation - 2019\IMG20191114142442.jpg"
"372","285.4","86.6","files\8. Blog\3. Sports\3. Office  College  School\10\20181218_132227.jpg"
"459.2","372.7","86.5","files\8. Blog\4. Avocations\1. trekking\7. dence forest\IMG20230827073057.jpg"
"193.2","106.8","86.4","files\8. Blog\1. academic\2. Conferences and ppt\dubai\IMG20200130142535.jpg"
"471","384.6","86.4","files\8. Blog\4. Avocations\1. trekking\9. amer\IMG20240331083923.jpg"
"291.6","205.3","86.3","files\8. Blog\4. Avocations\1. trekking\11. girjadevi temple and tracking\20170127_174348.jpg"
"181.6","95.3","86.3","files\8. Blog\1. academic\2. Conferences and ppt\ICCT 2019\IMG20190929154804.jpg"
"520.6","434.3","86.3","files\8. Blog\4. Avocations\1. trekking\1. gad ganesh with minki\IMG20230702072341.jpg"
"327.6","241.4","86.2","files\8. Blog\4. Avocations\1. trekking\9. amer\IMG20240331083739.jpg"
"303.9","217.7","86.2","files\8. Blog\1. academic\5. faculty visits\2. rijeka, coratia\20180911_110642.jpg"
"368.6","282.4","86.2","files\8. Blog\1. academic\5. faculty visits\2. rijeka, coratia\20180911_110652.jpg"
"300.9","214.8","86.1","files\8. Blog\4. Avocations\1. trekking\3. Samod with minki\IMG20230205171040.jpg"
"153.9","68","85.9","files\8. Blog\1. academic\2. Conferences and ppt\SSIC-2\20190120_144305.jpg"
"359","273.2","85.9","files\8. Blog\3. Sports\3. Office  College  School\10\20181218_132224.jpg"
"172.5","86.5","85.9","files\8. Blog\1. academic\2. Conferences and ppt\Coratia Conference\20180906_104746.jpg"
"362.1","276.4","85.8","files\8. Blog\3. Sports\3. Office  College  School\10\20181218_132226.jpg"
"467.7","381.9","85.8","files\8. Blog\4. Avocations\1. trekking\11. girjadevi temple and tracking\20170127_165422.jpg"
"317.6","231.9","85.7","files\8. Blog\4. Avocations\2. Drawing\20260516_162432.jpg"
"291.1","205.4","85.7","files\8. Blog\4. Avocations\1. trekking\5. gad ganesh with Apoo\IMG20231028084905.jpg"
"293","207.4","85.6","files\8. Blog\4. Avocations\1. trekking\2. JAL MAHAL WITH YASH\IMG20230512150821.jpg"
"262","176.4","85.6","files\8. Blog\1. academic\2. Conferences and ppt\Coratia Conference\20180918_083513.jpg"
"166.5","81","85.6","files\8. Blog\1. academic\2. Conferences and ppt\Coratia Conference\IMG_20180906_105102.jpg"
"504.6","419.1","85.5","files\8. Blog\4. Avocations\1. trekking\1. gad ganesh with minki\IMG20230702070939.jpg"
"216.4","131.1","85.3","files\8. Blog\1. academic\2. Conferences and ppt\Coratia Conference\IMG_1598.JPG"
"267.6","182.2","85.3","files\8. Blog\4. Avocations\1. trekking\9. amer\IMG20240331065501.jpg"
"405.2","319.9","85.3","files\8. Blog\4. Avocations\1. trekking\9. amer\IMG20240331083204.jpg"
"412.5","327.3","85.2","files\8. Blog\4. Avocations\1. trekking\11. girjadevi temple and tracking\20170127_170732.jpg"
"295","209.9","85.1","files\8. Blog\1. academic\2. Conferences and ppt\SSIC-1\20170414_170023.jpg"
"441.9","357","84.9","files\8. Blog\4. Avocations\1. trekking\6. gad ganesh with mom\IMG20240407091747.jpg"
"348.3","263.4","84.9","files\8. Blog\3. Sports\3. Office  College  School\10\20181218_132223.jpg"
"227.3","142.6","84.8","files\8. Blog\1. academic\5. faculty visits\4. IT day and muj stall\20180927_155107.jpg"
"160.8","76.2","84.7","files\8. Blog\1. academic\2. Conferences and ppt\Coratia Conference\IMG_20180906_105102_1.jpg"
"287.9","203.3","84.6","files\8. Blog\1. academic\7. Hackathon Head\28. school hackathon\IMG20191113111300.jpg"
"213.3","128.7","84.6","files\8. Blog\1. academic\2. Conferences and ppt\ICCT 2019\IMG20190929120158.jpg"
"566.7","482.4","84.4","files\4. Publication\3. conference\4\certi.png"
"413.8","329.5","84.3","files\8. Blog\4. Avocations\1. trekking\5. gad ganesh with Apoo\IMG20231028083136.jpg"
"244.4","160.2","84.2","files\8. Blog\1. academic\5. faculty visits\4. IT day and muj stall\20180927_155058.jpg"
"316.1","232","84.1","files\8. Blog\4. Avocations\1. trekking\10. samod with mom\IMG_20230430_072252.jpg"
"217.1","132.9","84.1","files\8. Blog\1. academic\8. Social Activities\2. Blood Donation - 2018\IMG_2541.JPG"
"501.9","418","84","files\8. Blog\4. Avocations\1. trekking\6. gad ganesh with mom\IMG20240407084244.jpg"
"512.9","428.9","84","files\8. Blog\4. Avocations\1. trekking\3. Samod with minki\IMG20230205171029.jpg"
"542.2","458.2","84","files\8. Blog\4. Avocations\1. trekking\6. gad ganesh with mom\IMG20240407083812.jpg"
"171.9","88.1","83.8","files\2. Education\3. Short Term Courses Attended\7.jpeg"
"228","144.2","83.8","files\8. Blog\1. academic\3. workshops\icicv workshop\IMG20200111140157.jpg"
"390.4","306.6","83.8","files\8. Blog\4. Avocations\1. trekking\11. girjadevi temple and tracking\20170127_173627.jpg"
"282.5","198.7","83.8","files\8. Blog\2. Connection\header\IMG20200128164947.jpg"
"256.9","173.2","83.7","files\8. Blog\4. Avocations\1. trekking\7. dence forest\IMG20230827065520.jpg"
"253.1","169.5","83.6","files\8. Blog\1. academic\2. Conferences and ppt\ICCT 2019\IMG20190928123455.jpg"
"165.7","82.2","83.5","files\8. Blog\1. academic\2. Conferences and ppt\Coratia Conference\IMG_20180906_105115.jpg"
"235.9","152.4","83.5","files\8. Blog\4. Avocations\1. trekking\8. Jal mahal\IMG20230820061255.jpg"
"276.2","192.8","83.4","files\8. Blog\4. Avocations\1. trekking\3. Samod with minki\IMG20230205170517.jpg"
"749.4","666.2","83.2","files\8. Blog\4. Avocations\1. trekking\5. gad ganesh with Apoo\IMG20231028071446.jpg"
"285.1","202","83.1","files\8. Blog\1. academic\8. Social Activities\2. Blood Donation - 2018\IMG_2543.JPG"
"138.1","55.1","83.1","files\5. Project\1. Project\60.jpeg"
"209.9","126.9","83","files\8. Blog\1. academic\6. Events done\11. Vikram award\IMG_5655.JPG"
"265.9","183","82.9","files\8. Blog\1. academic\8. Social Activities\2. Blood Donation - 2018\IMG_2490.JPG"
"292","209.2","82.8","files\8. Blog\1. academic\3. workshops\6. Gian Course\20170103_131338.jpg"
"206","123.2","82.8","files\8. Blog\2. Connection\1. MUJ SSIC\IMG_2795.JPG"
"160.8","78","82.7","files\8. Blog\1. academic\2. Conferences and ppt\Coratia Conference\IMG_20180906_105115_1.jpg"
"183.2","100.5","82.7","files\8. Blog\1. academic\2. Conferences and ppt\Coratia Conference\20180906_123039(0).jpg"
"556.1","473.5","82.6","files\8. Blog\4. Avocations\1. trekking\11. girjadevi temple and tracking\20170127_164103.jpg"
"482.8","400.2","82.6","files\8. Blog\4. Avocations\1. trekking\11. girjadevi temple and tracking\20170127_163503.jpg"
"494.1","411.5","82.6","files\8. Blog\4. Avocations\1. trekking\9. amer\IMG20240331071827.jpg"
"319.8","237.2","82.6","files\8. Blog\4. Avocations\1. trekking\4. chulgiri with minki\IMG20230212165805.jpg"
"431.5","349.2","82.3","files\8. Blog\4. Avocations\1. trekking\5. gad ganesh with Apoo\IMG20231028083201.jpg"
"428.9","346.9","82.1","files\8. Blog\4. Avocations\1. trekking\6. gad ganesh with mom\IMG20240407082524.jpg"
"231.4","149.6","81.8","files\8. Blog\1. academic\5. faculty visits\4. IT day and muj stall\20180927_155038.jpg"
"241.4","159.6","81.8","files\8. Blog\1. academic\3. workshops\37. MUN\IMG_7548.JPG"
"188.6","107","81.6","files\8. Blog\1. academic\2. Conferences and ppt\dubai\IMG20200130143151.jpg"
"280.1","199.1","81","files\8. Blog\1. academic\7. Hackathon Head\28. school hackathon\IMG20191113111306.jpg"
"275.8","194.9","81","files\8. Blog\1. academic\2. Conferences and ppt\Coratia Conference\IMG_0223.JPG"
"281.5","200.6","80.9","files\8. Blog\4. Avocations\1. trekking\9. amer\IMG20240331072032.jpg"
"180","99","80.9","files\8. Blog\1. academic\5. faculty visits\29. physics day\IMG20220712122033.jpg"
"353.5","272.6","80.9","files\8. Blog\4. Avocations\1. trekking\3. Samod with minki\IMG20230205172410.jpg"
"611.8","531.1","80.7","files\1. Home\Picture1.png"
"235.9","155.2","80.7","files\8. Blog\1. academic\8. Social Activities\2. Blood Donation - 2018\IMG_2511.JPG"
"237.2","156.6","80.7","files\8. Blog\1. academic\8. Social Activities\2. Blood Donation - 2018\IMG_2508.JPG"
"259.1","178.5","80.6","files\8. Blog\1. academic\3. workshops\20. muj deep learning fdp\IMG_9858.JPG"
"206.5","126","80.5","files\8. Blog\1. academic\2. Conferences and ppt\sIN 17\IMG_8811.JPG"
"311.4","230.9","80.5","files\8. Blog\1. academic\8. Social Activities\32. cleanileness drive\20181002_092144.jpg"
"356.9","276.5","80.4","files\8. Blog\4. Avocations\1. trekking\5. gad ganesh with Apoo\IMG20231028075534.jpg"
"234","153.7","80.3","files\8. Blog\1. academic\6. Events done\11. Vikram award\IMG_5669.JPG"
"320.5","240.2","80.3","files\8. Blog\4. Avocations\1. trekking\2. JAL MAHAL WITH YASH\IMG20230512150018.jpg"
"201.9","121.7","80.2","files\8. Blog\4. Avocations\2. Drawing\artwork\IMG20220528064540.jpg"
"145.8","65.8","80","files\8. Blog\1. academic\1. leadership\2. wise captain\DSC00330.JPG"
"314","234.4","79.5","files\8. Blog\4. Avocations\1. trekking\9. amer\IMG20240331065842.jpg"
"582","502.6","79.4","files\8. Blog\4. Avocations\1. trekking\6. gad ganesh with mom\IMG20240407081528.jpg"
"366.3","287","79.3","files\8. Blog\4. Avocations\1. trekking\2. JAL MAHAL WITH YASH\IMG20230512140454.jpg"
"446.7","367.5","79.2","files\8. Blog\4. Avocations\1. trekking\1. gad ganesh with minki\IMG20230702074329.jpg"
"363.4","284.3","79.1","files\8. Blog\4. Avocations\1. trekking\11. girjadevi temple and tracking\20170127_165404.jpg"
"223.3","144.3","79","files\8. Blog\1. academic\2. Conferences and ppt\1. Udaipur\20160304_181813.jpg"
"343","264","79","files\8. Blog\4. Avocations\1. trekking\6. gad ganesh with mom\IMG20240407093707.jpg"
"241.5","162.5","78.9","files\8. Blog\1. academic\2. Conferences and ppt\ICCT 2019\IMG20190928120326.jpg"
"133.6","54.7","78.8","files\6. Award\9. Top researcher of the month - July 2023\WhatsApp Image 2026-05-14 at 2.09.26 PM.jpeg"
"574.7","495.9","78.8","files\8. Blog\4. Avocations\1. trekking\2. JAL MAHAL WITH YASH\IMG20230521063442.jpg"
"220","141.3","78.7","files\8. Blog\1. academic\5. faculty visits\4. IT day and muj stall\20180927_155031.jpg"
"347.5","268.8","78.7","files\8. Blog\4. Avocations\1. trekking\11. girjadevi temple and tracking\20170127_171246.jpg"
"269.6","191.1","78.6","files\8. Blog\4. Avocations\1. trekking\3. Samod with minki\IMG20230205172400.jpg"
"286.1","207.6","78.5","files\8. Blog\4. Avocations\1. trekking\3. Samod with minki\IMG20230205172439.jpg"
"624.3","546.4","78","files\8. Blog\4. Avocations\1. trekking\1. gad ganesh with minki\IMG20230702071229.jpg"
"181.7","103.9","77.8","files\8. Blog\1. academic\7. Hackathon Head\8. Hackathon winners-neemrana\IMG_1754.JPG"
"149.2","71.4","77.7","files\8. Blog\1. academic\1. leadership\2. wise captain\DSC00331.JPG"
"250.7","172.9","77.7","files\8. Blog\1. academic\5. faculty visits\3. IT day jaipur\IMG20230320174938.jpg"
"177.8","100.2","77.6","files\8. Blog\4. Avocations\1. trekking\4. chulgiri with minki\IMG20230212170643.jpg"
"186.9","109.4","77.5","files\8. Blog\1. academic\2. Conferences and ppt\SSIC-2\IMG_1082.JPG"
"188.3","110.9","77.4","files\8. Blog\1. academic\5. faculty visits\4. IT day and muj stall\20180927_142833.jpg"
"226","148.6","77.4","files\8. Blog\1. academic\8. Social Activities\2. Blood Donation - 2018\IMG_2474.JPG"
"483.3","406","77.3","files\8. Blog\4. Avocations\1. trekking\11. girjadevi temple and tracking\20170127_165018.jpg"
"444.1","366.8","77.3","files\8. Blog\4. Avocations\1. trekking\1. gad ganesh with minki\IMG20230702073634.jpg"
"260.6","183.4","77.2","files\8. Blog\1. academic\2. Conferences and ppt\Coratia Conference\IMG_0226.JPG"
"385.8","308.6","77.2","files\8. Blog\4. Avocations\1. trekking\3. Samod with minki\IMG20230205171126.jpg"
"265.4","188.3","77.1","files\8. Blog\1. academic\2. Conferences and ppt\ICCT 2019\IMG20190930090821.jpg"
"224.6","148","76.6","files\8. Blog\4. Avocations\1. trekking\2. JAL MAHAL WITH YASH\IMG20230512140451.jpg"
"842.7","766.3","76.4","files\4. Publication\3. conference\1\Anubha Parashar.png"
"260.3","183.9","76.4","files\8. Blog\1. academic\3. workshops\20. muj deep learning fdp\IMG_9643.JPG"
"184.2","107.8","76.4","files\8. Blog\4. Avocations\1. trekking\5. gad ganesh with Apoo\IMG20231028093234.jpg"
"503.9","427.6","76.3","files\8. Blog\4. Avocations\1. trekking\5. gad ganesh with Apoo\IMG20231028082237.jpg"
"567.6","491.3","76.3","files\8. Blog\4. Avocations\1. trekking\7. dence forest\IMG20230827060829.jpg"
"154.2","77.9","76.3","files\8. Blog\1. academic\5. faculty visits\1. zagreb, coratia\20180904_143422.jpg"
"199.6","123.3","76.2","files\8. Blog\1. academic\8. Social Activities\2. Blood Donation - 2018\IMG_2484.JPG"
"281.2","205","76.2","files\8. Blog\1. academic\7. Hackathon Head\28. school hackathon\IMG20191113112227.jpg"
"247.7","171.4","76.2","files\8. Blog\1. academic\2. Conferences and ppt\SSIC-2\IMG_2901.JPG"
"239.7","163.6","76.1","files\8. Blog\1. academic\8. Social Activities\2. Blood Donation - 2019\IMG20191114141747.jpg"
"191.2","115.4","75.8","files\8. Blog\1. academic\5. faculty visits\3. IT day jaipur\IMG20230320174948.jpg"
"373.4","297.8","75.6","files\8. Blog\4. Avocations\1. trekking\1. gad ganesh with minki\IMG20230702073442.jpg"
"218.5","143.4","75.2","files\8. Blog\1. academic\5. faculty visits\29. physics day\IMG20220712121952.jpg"
"339.9","265","75","files\8. Blog\4. Avocations\1. trekking\2. JAL MAHAL WITH YASH\IMG20230512141421.jpg"
"188.4","113.5","74.9","files\8. Blog\1. academic\6. Events done\1. Alumni\Aditya Agarwal\20190826_180500.jpeg"
"459.2","384.3","74.9","files\8. Blog\4. Avocations\1. trekking\9. amer\IMG20240331083536.jpg"
"242.3","167.4","74.9","files\8. Blog\1. academic\3. workshops\37. MUN\IMG_7549.JPG"
"192.2","117.3","74.9","files\8. Blog\1. academic\6. Events done\1. Alumni\Aditya Agarwal\20190826_180521.jpeg"
"213.7","138.8","74.9","files\8. Blog\1. academic\2. Conferences and ppt\ICCT 2019\IMG20190928120336.jpg"
"179","104.2","74.8","files\8. Blog\1. academic\8. Social Activities\2. Blood Donation - 2018\IMG_2483.JPG"
"169.8","95","74.8","files\8. Blog\4. Avocations\1. trekking\5. gad ganesh with Apoo\IMG20231028072736.jpg"
"284","209.3","74.7","files\8. Blog\4. Avocations\1. trekking\4. chulgiri with minki\IMG20230212170749.jpg"
"352.5","277.8","74.7","files\8. Blog\4. Avocations\1. trekking\2. JAL MAHAL WITH YASH\IMG20230512140413.jpg"
"217.2","143.3","73.9","files\8. Blog\1. academic\3. workshops\icicv workshop\IMG20200111135912.jpg"
"230.7","156.8","73.9","files\8. Blog\4. Avocations\1. trekking\3. Samod with minki\IMG20230205173010.jpg"
"495.6","421.8","73.8","files\8. Blog\4. Avocations\1. trekking\11. girjadevi temple and tracking\20170127_165511.jpg"
"221.9","148","73.8","files\8. Blog\1. academic\8. Social Activities\2. Blood Donation - 2019\IMG20191114141906.jpg"
"391.3","317.5","73.8","files\8. Blog\4. Avocations\1. trekking\7. dence forest\IMG20230827062835.jpg"
"254.4","180.7","73.7","files\8. Blog\4. Avocations\1. trekking\6. gad ganesh with mom\IMG20240407092445.jpg"
"383","309.3","73.7","files\8. Blog\4. Avocations\1. trekking\6. gad ganesh with mom\IMG20240407084736.jpg"
"274","200.3","73.7","files\8. Blog\4. Avocations\1. trekking\9. amer\IMG20240331073557.jpg"
"348.9","275.3","73.5","files\8. Blog\4. Avocations\1. trekking\10. samod with mom\IMG_20230430_072312.jpg"
"223.6","150.1","73.5","files\8. Blog\1. academic\8. Social Activities\2. Blood Donation - 2018\IMG_2496.JPG"
"345.3","271.8","73.5","files\8. Blog\4. Avocations\2. Drawing\20260516_162621.jpg"
"296.4","223","73.4","files\8. Blog\1. academic\2. Conferences and ppt\ICCT 2019\IMG20190928123603.jpg"
"188.9","115.6","73.3","files\8. Blog\1. academic\6. Events done\11. Vikram award\IMG_5764.JPG"
"166.9","93.8","73.2","files\8. Blog\1. academic\2. Conferences and ppt\Coratia Conference\IMG_20180906_105107.jpg"
"165.1","92.2","72.8","files\8. Blog\1. academic\2. Conferences and ppt\Coratia Conference\IMG_20180906_105108.jpg"
"171.4","98.6","72.8","files\8. Blog\4. Avocations\1. trekking\6. gad ganesh with mom\IMG20240407092749.jpg"
"219.3","146.5","72.8","files\8. Blog\1. academic\8. Social Activities\2. Blood Donation - 2019\IMG20191114141904.jpg"
"239.5","166.7","72.8","files\8. Blog\1. academic\2. Conferences and ppt\ICCT 2019\IMG20190928120311.jpg"
"267.7","195.1","72.6","files\8. Blog\1. academic\3. workshops\20. muj deep learning fdp\IMG_9693.JPG"
"274.4","202.4","72","files\8. Blog\4. Avocations\1. trekking\11. girjadevi temple and tracking\20170127_164346.jpg"
"255","183","71.9","files\8. Blog\2. Connection\3. mom birthday\beautiful mom-.jpg"
"165.8","94","71.8","files\8. Blog\1. academic\2. Conferences and ppt\SSIC-2\IMG_2922.JPG"
"181.7","109.9","71.8","files\8. Blog\1. academic\5. faculty visits\2. rijeka, coratia\20180911_105713.jpg"
"184.3","112.7","71.5","files\8. Blog\1. academic\5. faculty visits\1. zagreb, coratia\20180904_114545.jpg"
"166.1","94.6","71.5","files\8. Blog\2. Connection\3. mom birthday\me my sis my mom.jpg"
"189.7","118.3","71.4","files\8. Blog\1. academic\5. faculty visits\2. rijeka, coratia\20180911_104449.jpg"
"236.3","164.8","71.4","files\8. Blog\1. academic\7. Hackathon Head\8. Hackathon winners-neemrana\IMG_2527.JPG"
"117.6","46.2","71.3","files\8. Blog\1. academic\5. faculty visits\3. IT day jaipur\20180320_154838.jpg"
"280.5","209.3","71.2","files\8. Blog\4. Avocations\1. trekking\6. gad ganesh with mom\IMG20240407091743.jpg"
"178.8","107.7","71.1","files\8. Blog\1. academic\2. Conferences and ppt\dubai\IMG20200130142435.jpg"
"450.2","379.2","71","files\8. Blog\4. Avocations\1. trekking\11. girjadevi temple and tracking\20170127_170949.jpg"
"147","76","71","files\8. Blog\1. academic\8. Social Activities\2. Blood Donation - 2018\IMG_2535.JPG"
"168.5","97.6","70.9","files\8. Blog\1. academic\2. Conferences and ppt\sIN 17\20171015_110015.jpg"
"169.5","98.7","70.7","files\8. Blog\2. Connection\1. MUJ SSIC\IMG_2746.JPG"
"309.5","239","70.5","files\8. Blog\4. Avocations\2. Drawing\20260516_162628.jpg"
"178.4","108","70.4","files\8. Blog\1. academic\5. faculty visits\1. zagreb, coratia\20180904_140541.jpg"
"213.3","143.1","70.2","files\8. Blog\1. academic\3. workshops\20. muj deep learning fdp\IMG_9666.JPG"
"286","216","69.9","files\8. Blog\4. Avocations\1. trekking\1. gad ganesh with minki\IMG20230702072851.jpg"
"534.5","464.7","69.8","files\8. Blog\4. Avocations\1. trekking\6. gad ganesh with mom\IMG20240407081622.jpg"
"406.1","336.3","69.8","files\8. Blog\4. Avocations\1. trekking\10. samod with mom\IMG_20230430_071607.jpg"
"282.7","213.3","69.4","files\8. Blog\4. Avocations\1. trekking\6. gad ganesh with mom\IMG20240407092112.jpg"
"228.9","159.8","69.2","files\8. Blog\4. Avocations\1. trekking\7. dence forest\IMG20230827065648.jpg"
"135","65.8","69.2","files\8. Blog\1. academic\8. Social Activities\2. Blood Donation - 2018\IMG_2537.JPG"
"189.7","120.5","69.2","files\8. Blog\1. academic\2. Conferences and ppt\SSIC-2\IMG_3288.JPG"
"202.5","133.5","69","files\8. Blog\1. academic\7. Hackathon Head\8. Hackathon winners-neemrana\IMG_2525.JPG"
"139.2","70.4","68.9","files\8. Blog\1. academic\7. Hackathon Head\31. hackathon head\20181114_102243.jpg"
"292.5","223.6","68.9","files\8. Blog\4. Avocations\1. trekking\9. amer\IMG20240331084217.jpg"
"309.7","241","68.8","files\8. Blog\4. Avocations\1. trekking\5. gad ganesh with Apoo\IMG20231028075923.jpg"
"175.5","106.8","68.7","files\8. Blog\1. academic\5. faculty visits\3. IT day jaipur\20180320_155359.jpg"
"351","282.4","68.6","files\8. Blog\4. Avocations\1. trekking\11. girjadevi temple and tracking\20170127_170112.jpg"
"321.7","253.1","68.6","files\8. Blog\4. Avocations\1. trekking\3. Samod with minki\IMG20230205172636.jpg"
"223.3","154.8","68.5","files\8. Blog\1. academic\6. Events done\18. Alumni talk\IMG20200108161550.jpg"
"309.4","241","68.4","files\8. Blog\4. Avocations\1. trekking\7. dence forest\IMG20230827060945.jpg"
"182.8","114.6","68.2","files\8. Blog\1. academic\2. Conferences and ppt\SSIC-2\IMG_3204.JPG"
"264.5","196.6","67.9","files\8. Blog\1. academic\2. Conferences and ppt\ICCT 2019\IMG20190928130009.jpg"
"147","79.3","67.6","files\8. Blog\1. academic\8. Social Activities\2. Blood Donation - 2018\IMG_2536.JPG"
"116.9","49.3","67.6","files\8. Blog\1. academic\5. faculty visits\3. IT day jaipur\20180320_155001.jpg"
"158","90.7","67.3","files\8. Blog\1. academic\6. Events done\11. Vikram award\IMG_5621.JPG"
"209.2","141.9","67.3","files\8. Blog\1. academic\3. workshops\37. MUN\IMG_7547.JPG"
"154.3","87","67.3","files\8. Blog\1. academic\8. Social Activities\2. Blood Donation - 2018\IMG_2534.JPG"
"429.5","362.3","67.2","files\8. Blog\4. Avocations\1. trekking\1. gad ganesh with minki\IMG20230702073636.jpg"
"410.6","343.5","67.1","files\8. Blog\4. Avocations\1. trekking\5. gad ganesh with Apoo\IMG20231028081857.jpg"
"214.4","147.4","67","files\8. Blog\1. academic\8. Social Activities\2. Blood Donation - 2018\IMG_2480.JPG"
"357.7","291.1","66.7","files\8. Blog\4. Avocations\1. trekking\2. JAL MAHAL WITH YASH\IMG20230521064543.jpg"
"142.3","75.8","66.6","files\8. Blog\1. academic\8. Social Activities\2. Blood Donation - 2018\IMG_2538.JPG"
"218.9","152.8","66.1","files\8. Blog\1. academic\6. Events done\18. Alumni talk\IMG20200108161523.jpg"
"159.9","94.1","65.8","files\8. Blog\1. academic\2. Conferences and ppt\dubai\IMG20200130143111.jpg"
"169","103.2","65.8","files\8. Blog\4. Avocations\1. trekking\9. amer\IMG20240331065513.jpg"
"191","125.5","65.5","files\8. Blog\2. Connection\1. MUJ SSIC\IMG_2908.JPG"
"182.4","117.3","65.2","files\8. Blog\1. academic\6. Events done\11. Vikram award\IMG_5725.JPG"
"168.6","103.8","64.8","files\8. Blog\4. Avocations\1. trekking\11. girjadevi temple and tracking\20170127_172806.jpg"
"124.8","60.1","64.7","files\4. Publication\3. conference\6\certi.jpeg"
"273.4","208.8","64.6","files\8. Blog\4. Avocations\1. trekking\11. girjadevi temple and tracking\20170127_170328.jpg"
"196","131.4","64.6","files\8. Blog\1. academic\6. Events done\18. Alumni talk\IMG20200108161445.jpg"
"149.2","84.8","64.5","files\8. Blog\4. Avocations\1. trekking\7. dence forest\IMG20230827060941.jpg"
"168.4","104","64.4","files\8. Blog\1. academic\2. Conferences and ppt\ICCT 2019\IMG20190928111729.jpg"
"439","374.6","64.4","files\8. Blog\4. Avocations\1. trekking\9. amer\IMG20240331071222.jpg"
"224.6","160.5","64.1","files\8. Blog\1. academic\2. Conferences and ppt\ICCT 2019\IMG20190928130323.jpg"
"177.7","113.6","64.1","files\8. Blog\1. academic\2. Conferences and ppt\SSIC-2\IMG_1009.JPG"
"177.7","113.6","64.1","files\8. Blog\1. academic\2. Conferences and ppt\icct 2023\IMG_1009.JPG"
"213.5","149.5","64","files\8. Blog\1. academic\2. Conferences and ppt\ICCT 2019\IMG20190928120322.jpg"
"191.2","127.4","63.8","files\8. Blog\4. Avocations\1. trekking\6. gad ganesh with mom\IMG20240407093109.jpg"
"190.6","127.1","63.5","files\8. Blog\1. academic\2. Conferences and ppt\ICICV\IMG20200118141657.jpg"
"172.6","109.4","63.2","files\8. Blog\1. academic\5. faculty visits\2. rijeka, coratia\20180911_105019.jpg"
"190","127.5","62.5","files\8. Blog\1. academic\2. Conferences and ppt\ICICV\IMG20200118141710.jpg"
"155.3","92.9","62.4","files\8. Blog\1. academic\2. Conferences and ppt\dubai\IMG20200130143224.jpg"
"836.9","774.4","62.4","files\4. Publication\3. conference\16\certi.png"
"471.2","408.9","62.3","files\8. Blog\4. Avocations\1. trekking\1. gad ganesh with minki\IMG20230702074534.jpg"
"159.3","97.7","61.6","files\8. Blog\1. academic\2. Conferences and ppt\dubai\IMG20200130143225.jpg"
"137.7","76","61.6","files\8. Blog\1. academic\2. Conferences and ppt\SSIC-2\IMG_2924.JPG"
"195.2","133.9","61.3","files\8. Blog\1. academic\2. Conferences and ppt\SSIC-2\IMG_2911.JPG"
"161.7","101","60.7","files\8. Blog\4. Avocations\2. Drawing\rangoli\IMG_2618.JPG"
"171","110.5","60.5","files\8. Blog\1. academic\3. workshops\10. IoT workshop\20170627_093813.jpg"
"223.9","163.7","60.3","files\8. Blog\4. Avocations\1. trekking\3. Samod with minki\IMG20230205172406.jpg"
"225.2","164.9","60.3","files\8. Blog\4. Avocations\1. trekking\7. dence forest\IMG20230827064551.jpg"
"172.5","112.2","60.3","files\8. Blog\4. Avocations\1. trekking\11. girjadevi temple and tracking\20170127_170851.jpg"
"176.2","116.2","60.1","files\8. Blog\1. academic\2. Conferences and ppt\ICCT 2019\IMG20190929121757.jpg"
"133.6","74.1","59.5","files\8. Blog\1. academic\6. Events done\11. Vikram award\IMG_5615.JPG"
"3514.6","3455.1","59.5","files\8. Blog\4. Avocations\2. Drawing\artwork\oil painting--.png"
"156.1","96.9","59.2","files\8. Blog\1. academic\2. Conferences and ppt\SSIC-2\DSC_0153.JPG"
"143.3","86.2","57.2","files\8. Blog\4. Avocations\1. trekking\3. Samod with minki\IMG20230205172640.jpg"
"176.8","119.8","57","files\8. Blog\1. academic\2. Conferences and ppt\SSIC-2\DSC_1087.JPG"
"170.7","115","55.7","files\5. Project\1. Project\22.png"
"191.5","136.1","55.4","files\8. Blog\4. Avocations\1. trekking\6. gad ganesh with mom\IMG20240407093043.jpg"
"344.3","289.4","54.9","files\8. Blog\4. Avocations\1. trekking\10. samod with mom\IMG_20230430_072428.jpg"
"235.6","181.1","54.5","files\8. Blog\1. academic\8. Social Activities\26.02.2018. Beti Bachao Beti Padhao\IMG-20180227-WA0013.jpg"
"233.8","179.6","54.2","files\5. Project\1. Project\45.png"
"131.1","77.4","53.7","files\8. Blog\1. academic\6. Events done\11. Vikram award\IMG_5626.JPG"
"145.7","92","53.7","files\8. Blog\1. academic\2. Conferences and ppt\1. Udaipur\20160305_141233.jpg"
"202","148.3","53.7","files\8. Blog\1. academic\2. Conferences and ppt\dubai\IMG20200130152327.jpg"
"427.7","374","53.7","files\8. Blog\4. Avocations\1. trekking\5. gad ganesh with Apoo\IMG20231028091450.jpg"
"187.4","133.7","53.7","files\8. Blog\4. Avocations\1. trekking\1. gad ganesh with minki\IMG20230702073656.jpg"
"350.2","296.8","53.4","files\8. Blog\2. Connection\3. mom birthday\111.jpeg"
"192.2","138.9","53.3","files\8. Blog\1. academic\2. Conferences and ppt\ICCT 2019\IMG20191001124305.jpg"
"267.9","214.7","53.2","files\8. Blog\1. academic\4. expert talk\7\20260516_172531.jpg"
"192","139.4","52.6","files\8. Blog\1. academic\2. Conferences and ppt\ICCT 2019\IMG20191001124303.jpg"
"148.8","96.2","52.6","files\8. Blog\1. academic\2. Conferences and ppt\1. Udaipur\20160305_141254.jpg"
"107.2","54.7","52.5","files\8. Blog\1. academic\2. Conferences and ppt\SSIC-2\IMG_3185.JPG"
"165.9","113.5","52.4","files\5. Project\1. Project\8.png"
"143.5","91.2","52.3","assets\img\portfolio\portfolio-2.jpg"
"125.1","72.8","52.3","files\8. Blog\1. academic\6. Events done\11. Vikram award\IMG_5625.JPG"
"187.8","135.6","52.1","files\8. Blog\1. academic\2. Conferences and ppt\SSIC-2\IMG_2894.JPG"
"153.6","101.7","51.9","files\8. Blog\1. academic\2. Conferences and ppt\SSIC-2\IMG_1003.JPG"
"138.4","86.7","51.7","files\8. Blog\1. academic\2. Conferences and ppt\SSIC-2\IMG_3244.JPG"
"198.7","147.6","51.2","files\8. Blog\1. academic\3. workshops\20. muj deep learning fdp\IMG20190710173317.jpg"
"345.4","294.6","50.8","files\2. Education\3. Short Term Courses Attended\10.png"
"106.1","55.5","50.6","files\8. Blog\1. academic\6. Events done\11. Vikram award\IMG_5620.JPG"
"186.9","136.8","50.1","files\8. Blog\1. academic\8. Social Activities\26.02.2018. Beti Bachao Beti Padhao\IMG-20180227-WA0012.jpg"
"174.9","124.8","50.1","files\8. Blog\1. academic\3. workshops\20. muj deep learning fdp\IMG_9646.JPG"
"193","143.1","49.9","files\8. Blog\4. Avocations\1. trekking\10. samod with mom\IMG_20230430_072556.jpg"
"167.6","118.6","48.9","files\5. Project\1. Project\1.png"
"113.6","65.4","48.2","files\8. Blog\1. academic\2. Conferences and ppt\SSIC-2\IMG_2919.JPG"
"354.1","306.1","48","files\8. Blog\4. Avocations\1. trekking\1. gad ganesh with minki\IMG20230702073659.jpg"
"105.8","58","47.9","files\8. Blog\1. academic\2. Conferences and ppt\SSIC-2\IMG_2927.JPG"
"180.4","132.8","47.6","files\8. Blog\1. academic\8. Social Activities\26.02.2018. Beti Bachao Beti Padhao\IMG-20180227-WA0011.jpg"
"1938.2","1890.7","47.5","files\6. Award\1. Best Paper award, Zagreb Coratia\img_all.png"
"108.8","61.4","47.4","files\8. Blog\1. academic\6. Events done\11. Vikram award\IMG_5662.JPG"
"71.2","24.1","47","files\5. Project\1. Project\34.jpeg"
"194.3","147.8","46.5","files\8. Blog\1. academic\8. Social Activities\26.02.2018. Beti Bachao Beti Padhao\IMG-20180227-WA0014.jpg"
"309.3","263.7","45.6","files\8. Blog\4. Avocations\1. trekking\5. gad ganesh with Apoo\IMG20231028085627.jpg"
"135.1","89.8","45.3","files\8. Blog\1. academic\3. workshops\20. muj deep learning fdp\IMG_9626.JPG"
"124.9","79.6","45.3","files\8. Blog\1. academic\3. workshops\icicv workshop\IMG20200111103219.jpg"
"130.8","85.6","45.2","files\8. Blog\2. Connection\1. MUJ SSIC\IMG_2892.JPG"
"74.3","29.2","45.1","files\5. Project\1. Project\20.jpeg"
"337.4","292.6","44.8","files\8. Blog\4. Avocations\1. trekking\1. gad ganesh with minki\IMG20230702073629.jpg"
"131.4","87.4","44.1","files\8. Blog\1. academic\4. expert talk\3. expert talk on AI\1.jpeg"
"127.2","83.4","43.9","files\8. Blog\1. academic\8. Social Activities\12.02.2018. Chair table distribution\IMG-20180212-WA0017.jpg"
"162.8","119","43.8","files\6. Award\2. muj excellence award\fb75daef-863e-4b75-8e98-9a2a38c1c7ec.jpg"
"162.8","119","43.8","files\6. Award\9. Top researcher of the month - July 2023\fb75daef-863e-4b75-8e98-9a2a38c1c7ec.jpg"
"102.7","59","43.7","files\8. Blog\1. academic\7. Hackathon Head\8. Hackathon winners-neemrana\IMG_2522.JPG"
"103","59.3","43.6","files\8. Blog\1. academic\7. Hackathon Head\8. Hackathon winners-neemrana\IMG_2521.JPG"
"265.9","222.5","43.4","files\8. Blog\4. Avocations\1. trekking\5. gad ganesh with Apoo\IMG-20240408-WA0020.jpg"
"207.4","164.2","43.2","files\8. Blog\1. academic\8. Social Activities\26.02.2018. Beti Bachao Beti Padhao\IMG-20180227-WA0007.jpg"
"190.4","147.2","43.1","files\8. Blog\1. academic\8. Social Activities\26.02.2018. Beti Bachao Beti Padhao\IMG-20180227-WA0010.jpg"
"110.2","67.3","43","files\8. Blog\1. academic\8. Social Activities\12.02.2018. Chair table distribution\IMG-20180212-WA0023.jpg"
"206.5","164.2","42.3","files\8. Blog\1. academic\8. Social Activities\26.02.2018. Beti Bachao Beti Padhao\IMG-20180227-WA0008.jpg"
"203.8","161.6","42.2","files\8. Blog\1. academic\8. Social Activities\26.02.2018. Beti Bachao Beti Padhao\IMG-20180227-WA0009.jpg"
"135.3","94.6","40.7","files\8. Blog\1. academic\8. Social Activities\26.02.2018. Beti Bachao Beti Padhao\IMG-20180227-WA0006.jpg"
"131.8","91.4","40.5","files\8. Blog\1. academic\6. Events done\expert talk by big basket CEO\20181101_140529.jpg"
"94.3","55.3","39","assets\img\portfolio\portfolio-7.jpg"
"194.8","155.9","38.9","files\8. Blog\4. Avocations\1. trekking\5. gad ganesh with Apoo\IMG20231028072154.jpg"
"200.4","161.7","38.7","files\8. Blog\4. Avocations\1. trekking\10. samod with mom\IMG_20230430_065742.jpg"
"227","189","38","files\8. Blog\4. Avocations\1. trekking\5. gad ganesh with Apoo\IMG-20240408-WA0021.jpg"
"235","197.1","37.9","files\8. Blog\1. academic\8. Social Activities\2. Blood Donation-2017\img.jpeg"
"132.2","95.8","36.4","files\8. Blog\1. academic\8. Social Activities\27.02.2018 Village visit\IMG-20180227-WA0019.jpg"
"109.4","73.1","36.2","files\8. Blog\1. academic\8. Social Activities\27.02.2018 Village visit\IMG-20180227-WA0017.jpg"
"100","63.9","36.1","files\8. Blog\1. academic\8. Social Activities\27.02.2018 Village visit\IMG-20180227-WA0016.jpg"
"100.9","65.1","35.8","files\8. Blog\1. academic\8. Social Activities\27.02.2018 Village visit\IMG-20180227-WA0015.jpg"
"124.3","88.9","35.4","files\8. Blog\4. Avocations\1. trekking\5. gad ganesh with Apoo\IMG20231028082432.jpg"
"112.9","77.6","35.4","files\6. Award\7. Top researcher of the month - August 2022\c0fe2f61-b456-4791-900f-d0790ef61a95.jpeg"
"97.3","62","35.3","files\8. Blog\1. academic\3. workshops\15. workshop-expert talk\news paper.jpg"
"272.8","237.6","35.3","files\8. Blog\4. Avocations\1. trekking\5. gad ganesh with Apoo\IMG-20240409-WA0002.jpg"
"97.3","62","35.3","files\8. Blog\1. academic\4. expert talk\1\news paper.jpg"
"139.9","104.9","35","files\8. Blog\1. academic\8. Social Activities\projector distribution\IMG-20180208-WA0001.jpg"
"145.7","110.9","34.7","files\8. Blog\1. academic\8. Social Activities\projector distribution\IMG-20180208-WA0017.jpg"
"105.7","71.2","34.5","files\8. Blog\1. academic\8. Social Activities\12.02.2018. Chair table distribution\IMG-20180212-WA0018.jpg"
"215.7","181.4","34.3","files\8. Blog\4. Avocations\1. trekking\5. gad ganesh with Apoo\IMG-20240408-WA0013.jpg"
"56.2","21.9","34.3","assets\img\testimonials\testimonials-2.jpg"
"137.6","103.5","34","files\8. Blog\1. academic\8. Social Activities\projector distribution\IMG-20180208-WA0015.jpg"
"73.5","40.2","33.3","files\8. Blog\1. academic\8. Social Activities\27.02.2018 Village visit\IMG-20180227-WA0018.jpg"
"69.9","37.2","32.7","files\5. Project\1. Project\31.jpeg"
"312.1","279.4","32.7","files\8. Blog\3. Sports\3. Office  College  School\28. won in cricket match in invincible ocean on July 2024.jpg"
"140.4","108.1","32.3","files\8. Blog\1. academic\2. Conferences and ppt\3. jaipur\IMG-20160812-WA0004.jpg"
"94.3","62.2","32.1","files\8. Blog\1. academic\8. Social Activities\12.02.2018. Chair table distribution\IMG-20180212-WA0021.jpg"
"142.4","110.3","32.1","files\8. Blog\1. academic\2. Conferences and ppt\3. jaipur\IMG-20160812-WA0001.jpg"
"115.3","83.6","31.7","files\8. Blog\1. academic\8. Social Activities\2. Blood Donation-2017\IMG-20171116-WA0003.jpg"
"177.5","146.3","31.3","files\8. Blog\4. Avocations\1. trekking\9. amer\DCIM2495430.jpg"
"67.1","36","31.1","files\8. Blog\1. academic\8. Social Activities\27.02.2018 Village visit\IMG-20180227-WA0021.jpg"
"122.8","92.4","30.4","files\8. Blog\1. academic\8. Social Activities\projector distribution\IMG-20180208-WA0016.jpg"
"119.3","89.1","30.1","files\8. Blog\1. academic\8. Social Activities\projector distribution\IMG-20180208-WA0012.jpg"
"136.3","106.9","29.4","files\8. Blog\2. Connection\3. mom birthday\with Sam at office.jpeg"
"63.9","34.5","29.4","files\8. Blog\1. academic\8. Social Activities\27.02.2018 Village visit\IMG-20180227-WA0020.jpg"
"67.2","38","29.1","files\8. Blog\1. academic\6. Events done\11. Vikram award\IMG_5648.JPG"
"1863","1834.3","28.7","files\8. Blog\4. Avocations\2. Drawing\artwork\with pop-.png"
"54.3","25.9","28.4","files\2. Education\logo\1.jpeg"
"233.2","205.1","28.1","files\8. Blog\1. academic\8. Social Activities\donation\20260516_161425.jpg"
"279.6","251.5","28","files\8. Blog\3. Sports\3. Office  College  School\23.jpg"
"290.3","262.5","27.9","files\8. Blog\3. Sports\3. Office  College  School\25.jpg"
"123.4","95.8","27.6","files\8. Blog\1. academic\8. Social Activities\25.11.2017 Dhemi School visit\IMG-20171125-WA0006.jpg"
"188.3","160.7","27.6","files\5. Project\1. Project\11.png"
"280.8","253.4","27.5","files\8. Blog\1. academic\1. leadership\2. wise captain\vice captain.png"
"89.9","62.5","27.4","files\6. Award\8. Top researcher of the month - June 2023\e82c0c0b-49e3-49b7-a504-92c8e73bb037.jpg"
"122.8","95.4","27.4","files\8. Blog\4. Avocations\1. trekking\5. gad ganesh with Apoo\IMG20231028082611.jpg"
"136.4","109.6","26.9","files\8. Blog\1. academic\8. Social Activities\12.01.2018Green club Hangout\IMG-20180112-WA0027.jpg"
"160","133.3","26.7","assets\img\portfolio\portfolio-details-2.jpg"
"141.3","115","26.3","files\8. Blog\1. academic\8. Social Activities\2. Blood Donation-2017\IMG-20171116-WA0012.jpg"
"250.9","224.9","26.1","files\8. Blog\3. Sports\1. State\2.jpg"
"144","118","26","files\8. Blog\1. academic\8. Social Activities\2. Blood Donation-2017\IMG-20171116-WA0011.jpg"
"137.7","111.7","26","files\5. Project\1. Project\15.png"
"286.8","260.9","25.9","files\8. Blog\3. Sports\3. Office  College  School\18.jpg"
"324.1","298.3","25.9","files\8. Blog\3. Sports\3. Office  College  School\27.jpg"
"100.1","74.2","25.9","assets\img\portfolio\portfolio-details-3.jpg"
"235.8","210","25.8","files\8. Blog\3. Sports\3. Office  College  School\1.jpg"
"294.6","268.8","25.8","files\8. Blog\3. Sports\3. Office  College  School\14.jpg"
"289.6","263.8","25.8","files\8. Blog\3. Sports\3. Office  College  School\24.jpg"
"314.9","289.2","25.7","files\8. Blog\3. Sports\3. Office  College  School\10\10.jpg"
"112.4","86.7","25.7","files\8. Blog\1. academic\8. Social Activities\25.11.2017 Dhemi School visit\IMG-20171125-WA0009.jpg"
"298.1","272.4","25.6","files\8. Blog\3. Sports\2. Regional & Inter University\11.jpg"
"282.6","257","25.6","files\8. Blog\3. Sports\3. Office  College  School\19.jpg"
"284.1","258.8","25.3","files\8. Blog\3. Sports\3. Office  College  School\22.jpg"
"101.3","76.2","25.1","files\5. Project\1. Project\43.png"
"304.6","279.5","25.1","files\8. Blog\3. Sports\3. Office  College  School\12.jpg"
"153","127.9","25.1","files\8. Blog\4. Avocations\1. trekking\5. gad ganesh with Apoo\IMG20231028082513.jpg"
"123.4","98.4","25","files\8. Blog\1. academic\8. Social Activities\12.01.2018Green club Hangout\IMG-20180112-WA0016.jpg"
"95","70","25","files\8. Blog\1. academic\8. Social Activities\25.11.2017 Dhemi School visit\IMG-20171125-WA0003.jpg"
"285.4","260.4","24.9","files\8. Blog\3. Sports\3. Office  College  School\11\20260516_170948.jpg"
"293.7","269.1","24.7","files\8. Blog\3. Sports\3. Office  College  School\15.jpg"
"299.2","274.5","24.6","files\8. Blog\3. Sports\3. Office  College  School\26.jpg"
"272.1","247.9","24.3","files\8. Blog\3. Sports\3. Office  College  School\21.jpg"
"291.1","266.8","24.3","files\8. Blog\3. Sports\3. Office  College  School\13.jpg"
"124","99.7","24.2","files\8. Blog\1. academic\8. Social Activities\12.01.2018Green club Hangout\IMG-20180112-WA0004.jpg"
"74.1","49.9","24.2","files\8. Blog\4. Avocations\1. trekking\5. gad ganesh with Apoo\IMG20231028082448.jpg"
"167.8","143.7","24.1","files\8. Blog\1. academic\8. Social Activities\projector distribution\IMG-20171230-WA0008.jpg"
"106.4","82.4","24","files\8. Blog\1. academic\8. Social Activities\25.11.2017 Dhemi School visit\IMG-20171125-WA0004.jpg"
"94","70.1","23.9","files\8. Blog\1. academic\8. Social Activities\25.11.2017 Dhemi School visit\IMG-20171125-WA0008.jpg"
"104.4","80.6","23.8","files\8. Blog\1. academic\8. Social Activities\25.11.2017 Dhemi School visit\IMG-20171125-WA0007.jpg"
"38.8","15.1","23.7","assets\img\testimonials\testimonials-1.jpg"
"234.7","211.2","23.5","files\8. Blog\3. Sports\1. State\5.jpg"
"84.3","60.8","23.5","files\6. Award\1. Best Paper award, Zagreb Coratia\63.jpeg"
"85.2","61.8","23.5","files\5. Project\1. Project\42.png"
"100.9","77.6","23.4","files\8. Blog\1. academic\8. Social Activities\25.11.2017 Dhemi School visit\IMG-20171125-WA0002.jpg"
"144.9","121.6","23.3","files\8. Blog\1. academic\5. faculty visits\4. IT day and muj stall\IMG-20180927-WA0010.jpg"
"278.7","255.4","23.3","files\8. Blog\3. Sports\3. Office  College  School\16.jpg"
"217.1","193.9","23.3","files\8. Blog\3. Sports\1. State\3.jpg"
"256.6","233.4","23.2","files\8. Blog\1. academic\8. Social Activities\donation - Copy\20260516_161550.jpg"
"84.4","61.1","23.2","files\8. Blog\1. academic\5. faculty visits\4. IT day and muj stall\IMG-20180926-WA0057.jpg"
"95.6","72.4","23.2","files\8. Blog\1. academic\8. Social Activities\25.11.2017 Dhemi School visit\IMG-20171125-WA0001.jpg"
"146.2","123.3","22.9","files\8. Blog\1. academic\5. faculty visits\4. IT day and muj stall\IMG-20180927-WA0008.jpg"
"227.2","204.3","22.9","files\8. Blog\3. Sports\3. Office  College  School\20.jpg"
"169.6","146.8","22.8","files\8. Blog\4. Avocations\1. trekking\5. gad ganesh with Apoo\IMG-20240408-WA0024.jpg"
"46.2","23.6","22.7","files\5. Project\1. Project\25.jpg"
"97.3","74.6","22.7","files\8. Blog\1. academic\8. Social Activities\12.01.2018Green club Hangout\IMG-20180112-WA0012.jpg"
"128.8","106.3","22.5","files\8. Blog\1. academic\3. workshops\16. image processing workshop\IMG-20180221-WA0002.jpg"
"265.8","243.3","22.5","files\8. Blog\3. Sports\2. Regional & Inter University\6.jpg"
"59.5","37","22.5","files\8. Blog\1. academic\8. Social Activities\2. Blood Donation-2017\IMG-20171116-WA0002.jpg"
"270.6","248.2","22.4","files\8. Blog\3. Sports\3. Office  College  School\17.jpg"
"259.4","237.6","21.8","files\8. Blog\3. Sports\2. Regional & Inter University\10.jpg"
"152.8","131.1","21.7","files\5. Project\1. Project\46.png"
"205.2","183.6","21.6","files\8. Blog\3. Sports\1. State\4.jpg"
"273.3","251.7","21.6","files\8. Blog\3. Sports\2. Regional & Inter University\7.jpg"
"96.9","75.7","21.2","files\8. Blog\1. academic\8. Social Activities\12.01.2018Green club Hangout\IMG-20180112-WA0017.jpg"
"142.8","122","20.8","files\8. Blog\1. academic\8. Social Activities\12.01.2018Green club Hangout\IMG-20180112-WA0014.jpg"
"267.9","247.1","20.8","files\5. Project\1. Project\3.png"
"99","78.2","20.7","files\8. Blog\1. academic\4. expert talk\4. expert talk on IoT\IMG-20190326-WA0004.jpg"
"82.6","62.4","20.2","files\8. Blog\1. academic\5. faculty visits\4. IT day and muj stall\IMG-20180928-WA0012.jpg"
"264.5","244.4","20.2","files\8. Blog\3. Sports\2. Regional & Inter University\8.jpg"
"53.2","33","20.1","files\8. Blog\1. academic\4. expert talk\1\IMG-20180211-WA0001.jpg"
"53.2","33","20.1","files\8. Blog\1. academic\3. workshops\15. workshop-expert talk\IMG-20180211-WA0001.jpg"
"80.1","60.3","19.9","files\5. Project\1. Project\29.jpeg"
"29.4","9.9","19.5","files\3. Experience\logo\76702379_112363003557246_8532570068196786176_n.jpg"
"36.9","17.4","19.5","files\8. Blog\1. academic\1. leadership\3. senior perfect\sp.jpeg"
"218.4","199.1","19.4","files\8. Blog\3. Sports\2. Regional & Inter University\9\9.jpg"
"104.3","84.9","19.4","files\8. Blog\1. academic\5. faculty visits\4. IT day and muj stall\IMG-20180927-WA0017.jpg"
"37.2","18.4","18.8","files\5. Project\1. Project\56.jpeg"
"1982.5","1963.8","18.7","files\8. Blog\4. Avocations\2. Drawing\artwork\with pop.png"
"107.1","88.3","18.7","files\8. Blog\2. Connection\3. mom birthday\phd ppt-.jpeg"
"101.8","83.2","18.6","files\8. Blog\3. Sports\2. Regional & Inter University\9\602033_351514388292755_1099466682_n.jpg"
"108.7","90.4","18.3","files\8. Blog\1. academic\8. Social Activities\2. Blood Donation-2017\IMG-20171116-WA0018.jpg"
"85.7","68.9","16.9","files\8. Blog\1. academic\8. Social Activities\2. Blood Donation-2017\IMG-20171116-WA0022.jpg"
"123.2","106.4","16.7","files\5. Project\1. Project\44.png"
"57.7","41.5","16.2","files\5. Project\1. Project\7.jpeg"
"40.7","24.7","16","assets\img\about.jpg"
"89.5","74.1","15.4","files\8. Blog\1. academic\6. Events done\18. Alumni talk\IMG-20201017-WA0031.jpg"
"37.1","21.8","15.3","files\5. Project\1. Project\41.jpeg"
"68.2","53.5","14.7","files\5. Project\1. Project\27.png"
"82.3","67.7","14.6","files\5. Project\1. Project\30.jpeg"
"24.2","9.7","14.5","files\1. Home\pic.jpg"
"232.4","218.6","13.8","files\5. Project\1. Project\2.png"
"101.2","87.6","13.6","files\5. Project\1. Project\40.jpg"
"73.3","59.7","13.6","files\5. Project\1. Project\19.png"
"47.1","33.9","13.2","files\5. Project\1. Project\21.png"
"41.1","28.6","12.5","files\8. Blog\1. academic\4. expert talk\4. expert talk on IoT\IMG-20200107-WA0008.jpg"
"80.8","68.7","12.2","files\8. Blog\1. academic\8. Social Activities\12.01.2018Green club Hangout\IMG-20180112-WA0013.jpg"
"82.2","70.1","12.1","files\8. Blog\1. academic\8. Social Activities\12.01.2018Green club Hangout\IMG-20180112-WA0009.jpg"
"80.3","68.2","12.1","files\8. Blog\1. academic\8. Social Activities\12.01.2018Green club Hangout\IMG-20180112-WA0008.jpg"
"81.7","69.7","12","files\8. Blog\1. academic\8. Social Activities\12.01.2018Green club Hangout\IMG-20180112-WA0007.jpg"
"48.3","36.6","11.7","files\5. Project\1. Project\13.jpeg"
"46.8","35.3","11.5","files\5. Project\1. Project\24.jpeg"
"75.8","64.6","11.2","files\5. Project\1. Project\16.jpeg"
"61.9","51.2","10.6","files\8. Blog\1. academic\8. Social Activities\25.11.2017 Dhemi School visit\IMG-20171125-WA0005.jpg"
"71.8","61.8","10.1","files\8. Blog\1. academic\8. Social Activities\12.01.2018Green club Hangout\IMG-20180112-WA0010.jpg"
"65.8","56","9.8","files\8. Blog\1. academic\8. Social Activities\12.01.2018Green club Hangout\IMG-20180112-WA0006.jpg"
"36.8","27.7","9.1","files\5. Project\1. Project\50.png"
"34.6","26.1","8.5","files\5. Project\1. Project\14.jpeg"
"22.9","14.5","8.4","files\5. Project\1. Project\28.jpeg"
"33.8","26","7.8","files\5. Project\1. Project\57.png"
"33.8","26","7.8","files\5. Project\1. Project\37.png"
"12.5","6","6.5","files\8. Blog\author.jpg"
"66.9","61","5.9","files\5. Project\1. Project\10.png"
"30.8","25.1","5.7","files\5. Project\1. Project\6.png"
"11.8","6.2","5.6","files\5. Project\1. Project\23.jpeg"
"79.6","74.1","5.5","files\4. Publication\3. conference\11\2.jpg"
"79.6","74.1","5.5","files\6. Award\1. Best Paper award, Zagreb Coratia\2.jpg"
"12.2","7.1","5.1","files\1. Home\testimonials\t4.jpg"
"79.8","75.2","4.5","files\5. Project\1. Project\35.png"
"123.2","118.8","4.4","files\2. Education\logo\mdu-logo.png"
"9.9","5.8","4.1","files\1. Home\testimonials\t2.jpg"
"11.5","7.4","4","files\3. Experience\logo\zmq_web_logo.jpg"
"22.1","18.4","3.7","assets\img\testimonials\testimonials-5.jpg"
"6.6","2.9","3.7","files\1. Home\testimonials\t3.jpg"
"24.7","21.2","3.5","files\5. Project\1. Project\5.png"
"31.7","28.6","3.2","files\5. Project\1. Project\17.png"
"100.9","97.8","3.1","files\5. Project\1. Project\48.png"
"16.8","13.9","2.9","assets\img\testimonials\testimonials-3.jpg"
"21.3","18.6","2.7","assets\img\portfolio\portfolio-6.jpg"
"29.6","27","2.6","files\3. Experience\logo\essilor-india-private-limited-customer-care-new-delhi-delhi-contact-lense-dealers-essilor-1uk5fv1.jpg"
"8.4","6","2.4","files\3. Experience\logo\invincible_ocean_logo.jpg"
"57","54.9","2.1","files\5. Project\1. Project\47.png"
"19.7","18.1","1.7","assets\img\testimonials\testimonials-4.jpg"
"17.5","16","1.5","assets\img\portfolio\portfolio-4.jpg"
"72.6","71.4","1.2","files\5. Project\1. Project\23.png"
"8","6.9","1.1","files\5. Project\1. Project\49.jpeg"
"26.1","25.2","0.9","files\1. Home\testimonials\t5.png"
"35.7","34.8","0.9","files\8. Blog\1. academic\6. Events done\expert talk by big basket CEO\KQZS8149.JPG"
"24.7","23.9","0.8","assets\img\portfolio\portfolio-1.jpg"
"21.7","21","0.7","files\1. Home\testimonials\t1.png"
"20.3","19.7","0.6","files\2. Education\logo\nvidia-logo.png"
"179.1","178.6","0.5","files\5. Project\1. Project\4.png"
"109.3","108.8","0.5","assets\img\portfolio\portfolio-details-1.jpg"
"2.3","1.9","0.4","Satner Portfolio -doc\img\logo.png"
"38.1","37.8","0.3","files\8. Blog\2. Connection\3. mom birthday\phd ppt.jpeg"
"145.1","144.9","0.1","files\5. Project\1. Project\12.png"
